,ds,mech,seed,method,metric,value
0,parkinsons,MCAR,1074497555,PMM,RMSE,0.733411409059806
1,parkinsons,MCAR,1074497555,PMM,MAE,0.42944186810531565
2,parkinsons,MCAR,1074497555,OT_PMM,RMSE,0.6372151546279762
3,parkinsons,MCAR,1074497555,OT_PMM,MAE,0.378211921694915
4,parkinsons,MCAR,1102145672,PMM,RMSE,0.6710236145093242
5,parkinsons,MCAR,1102145672,PMM,MAE,0.41109555996282104
6,parkinsons,MCAR,1102145672,OT_PMM,RMSE,0.6632377532405181
7,parkinsons,MCAR,1102145672,OT_PMM,MAE,0.38833936559677995
8,parkinsons,MCAR,1130604997,PMM,RMSE,0.7051406737903134
9,parkinsons,MCAR,1130604997,PMM,MAE,0.42043442093891004
10,parkinsons,MCAR,1130604997,OT_PMM,RMSE,0.6533006674052777
11,parkinsons,MCAR,1130604997,OT_PMM,MAE,0.38514854501267076
12,parkinsons,MCAR,1171300112,PMM,RMSE,0.7128941262020179
13,parkinsons,MCAR,1171300112,PMM,MAE,0.423512482135525
14,parkinsons,MCAR,1171300112,OT_PMM,RMSE,0.6054766061690136
15,parkinsons,MCAR,1171300112,OT_PMM,MAE,0.3585859703935952
16,parkinsons,MCAR,1382689815,PMM,RMSE,0.7028035420589651
17,parkinsons,MCAR,1382689815,PMM,MAE,0.4243789350634888
18,parkinsons,MCAR,1382689815,OT_PMM,RMSE,0.6158765692281669
19,parkinsons,MCAR,1382689815,OT_PMM,MAE,0.37360457713083334
20,parkinsons,MCAR,1405681631,PMM,RMSE,0.6726037416883747
21,parkinsons,MCAR,1405681631,PMM,MAE,0.3876492406136105
22,parkinsons,MCAR,1405681631,OT_PMM,RMSE,0.6749365631133727
23,parkinsons,MCAR,1405681631,OT_PMM,MAE,0.3845237749744793
24,parkinsons,MCAR,1497586438,PMM,RMSE,0.6601025934492033
25,parkinsons,MCAR,1497586438,PMM,MAE,0.39782674815211766
26,parkinsons,MCAR,1497586438,OT_PMM,RMSE,0.6216862214725402
27,parkinsons,MCAR,1497586438,OT_PMM,MAE,0.3739565400916506
28,parkinsons,MCAR,1540770719,PMM,RMSE,0.6685457914562082
29,parkinsons,MCAR,1540770719,PMM,MAE,0.3912835588465013
30,parkinsons,MCAR,1540770719,OT_PMM,RMSE,0.6291722915229092
31,parkinsons,MCAR,1540770719,OT_PMM,MAE,0.36968108391408017
32,parkinsons,MCAR,1580016183,PMM,RMSE,0.7040659209330753
33,parkinsons,MCAR,1580016183,PMM,MAE,0.418415824788859
34,parkinsons,MCAR,1580016183,OT_PMM,RMSE,0.6409918179541114
35,parkinsons,MCAR,1580016183,OT_PMM,MAE,0.3794843702163565
36,parkinsons,MCAR,1634535062,PMM,RMSE,0.6401836728415652
37,parkinsons,MCAR,1634535062,PMM,MAE,0.38468499423298197
38,parkinsons,MCAR,1634535062,OT_PMM,RMSE,0.6501905388366712
39,parkinsons,MCAR,1634535062,OT_PMM,MAE,0.39019152720830574
40,parkinsons,MCAR,1662057957,PMM,RMSE,0.7126903739639747
41,parkinsons,MCAR,1662057957,PMM,MAE,0.4206995964428567
42,parkinsons,MCAR,1662057957,OT_PMM,RMSE,0.6363257441911812
43,parkinsons,MCAR,1662057957,OT_PMM,MAE,0.36529546180971867
44,parkinsons,MCAR,1678403330,PMM,RMSE,0.6799225947770042
45,parkinsons,MCAR,1678403330,PMM,MAE,0.4192579060188192
46,parkinsons,MCAR,1678403330,OT_PMM,RMSE,0.6922133729664381
47,parkinsons,MCAR,1678403330,OT_PMM,MAE,0.39737997946266723
48,parkinsons,MCAR,1688060240,PMM,RMSE,0.7301040861034822
49,parkinsons,MCAR,1688060240,PMM,MAE,0.419513249347691
50,parkinsons,MCAR,1688060240,OT_PMM,RMSE,0.672632265751836
51,parkinsons,MCAR,1688060240,OT_PMM,MAE,0.39158874460127746
52,parkinsons,MCAR,1766867109,PMM,RMSE,0.7280984579237954
53,parkinsons,MCAR,1766867109,PMM,MAE,0.4226095633818751
54,parkinsons,MCAR,1766867109,OT_PMM,RMSE,0.6927865353265508
55,parkinsons,MCAR,1766867109,OT_PMM,MAE,0.4036009445737209
56,parkinsons,MCAR,1803345590,PMM,RMSE,0.7442499302423292
57,parkinsons,MCAR,1803345590,PMM,MAE,0.42637758795435726
58,parkinsons,MCAR,1803345590,OT_PMM,RMSE,0.6656692170634206
59,parkinsons,MCAR,1803345590,OT_PMM,MAE,0.387798016696316
60,parkinsons,MCAR,1843824992,PMM,RMSE,0.6813447507722752
61,parkinsons,MCAR,1843824992,PMM,MAE,0.4161391620961243
62,parkinsons,MCAR,1843824992,OT_PMM,RMSE,0.6549987293855489
63,parkinsons,MCAR,1843824992,OT_PMM,MAE,0.38239835239464115
64,parkinsons,MCAR,184566854,PMM,RMSE,0.6983211507877436
65,parkinsons,MCAR,184566854,PMM,MAE,0.41621165597177934
66,parkinsons,MCAR,184566854,OT_PMM,RMSE,0.6532687778051525
67,parkinsons,MCAR,184566854,OT_PMM,MAE,0.38259363213801134
68,parkinsons,MCAR,191664963,PMM,RMSE,0.7405475149895302
69,parkinsons,MCAR,191664963,PMM,MAE,0.43729364720197667
70,parkinsons,MCAR,191664963,OT_PMM,RMSE,0.628225474959482
71,parkinsons,MCAR,191664963,OT_PMM,MAE,0.36325809462362335
72,parkinsons,MCAR,1990212658,PMM,RMSE,0.66887357914344
73,parkinsons,MCAR,1990212658,PMM,MAE,0.39874868206662467
74,parkinsons,MCAR,1990212658,OT_PMM,RMSE,0.6181374931913457
75,parkinsons,MCAR,1990212658,OT_PMM,MAE,0.3661179116795218
76,parkinsons,MCAR,202244314,PMM,RMSE,0.7101721511642437
77,parkinsons,MCAR,202244314,PMM,MAE,0.41268195416812464
78,parkinsons,MCAR,202244314,OT_PMM,RMSE,0.5848876893780851
79,parkinsons,MCAR,202244314,OT_PMM,MAE,0.3475973596935741
80,parkinsons,MCAR,2095133045,PMM,RMSE,0.6933632805293882
81,parkinsons,MCAR,2095133045,PMM,MAE,0.4079923166005212
82,parkinsons,MCAR,2095133045,OT_PMM,RMSE,0.6496604798335787
83,parkinsons,MCAR,2095133045,OT_PMM,MAE,0.37563828061403604
84,parkinsons,MCAR,275121930,PMM,RMSE,0.7358113639506342
85,parkinsons,MCAR,275121930,PMM,MAE,0.4390045826968717
86,parkinsons,MCAR,275121930,OT_PMM,RMSE,0.7035956849834679
87,parkinsons,MCAR,275121930,OT_PMM,MAE,0.41185289357118543
88,parkinsons,MCAR,392022359,PMM,RMSE,0.6341054776520547
89,parkinsons,MCAR,392022359,PMM,MAE,0.38219805304927384
90,parkinsons,MCAR,392022359,OT_PMM,RMSE,0.6875611464445317
91,parkinsons,MCAR,392022359,OT_PMM,MAE,0.3870445490073684
92,parkinsons,MCAR,432652533,PMM,RMSE,0.6629081500513927
93,parkinsons,MCAR,432652533,PMM,MAE,0.4067886248131482
94,parkinsons,MCAR,432652533,OT_PMM,RMSE,0.6486695222892082
95,parkinsons,MCAR,432652533,OT_PMM,MAE,0.36654017751649115
96,parkinsons,MCAR,796282693,PMM,RMSE,0.650748021019629
97,parkinsons,MCAR,796282693,PMM,MAE,0.3926565948279091
98,parkinsons,MCAR,796282693,OT_PMM,RMSE,0.6056890680406098
99,parkinsons,MCAR,796282693,OT_PMM,MAE,0.3554393195875922
100,parkinsons,MCAR,864178266,PMM,RMSE,0.7140360396266459
101,parkinsons,MCAR,864178266,PMM,MAE,0.4316608300964412
102,parkinsons,MCAR,864178266,OT_PMM,RMSE,0.5699277428503559
103,parkinsons,MCAR,864178266,OT_PMM,MAE,0.3489895063881652
104,parkinsons,MCAR,929893137,PMM,RMSE,0.6909320162154006
105,parkinsons,MCAR,929893137,PMM,MAE,0.4246087127699255
106,parkinsons,MCAR,929893137,OT_PMM,RMSE,0.6521179244439743
107,parkinsons,MCAR,929893137,OT_PMM,MAE,0.39327674369141385
108,parkinsons,MCAR,942484272,PMM,RMSE,0.6411751615882272
109,parkinsons,MCAR,942484272,PMM,MAE,0.3932169512563817
110,parkinsons,MCAR,942484272,OT_PMM,RMSE,0.6528309801662566
111,parkinsons,MCAR,942484272,OT_PMM,MAE,0.37913875990641394
112,parkinsons,MCAR,952224740,PMM,RMSE,0.6748033461110355
113,parkinsons,MCAR,952224740,PMM,MAE,0.4049961385983442
114,parkinsons,MCAR,952224740,OT_PMM,RMSE,0.6463262967648014
115,parkinsons,MCAR,952224740,OT_PMM,MAE,0.3771441306206884
116,parkinsons,MCAR,967196436,PMM,RMSE,0.7108116346769604
117,parkinsons,MCAR,967196436,PMM,MAE,0.43105431345992523
118,parkinsons,MCAR,967196436,OT_PMM,RMSE,0.689430088857734
119,parkinsons,MCAR,967196436,OT_PMM,MAE,0.3959093027445197
120,parkinsons,MAR,1074497555,PMM,RMSE,0.6929186745169926
121,parkinsons,MAR,1074497555,PMM,MAE,0.4182573189637048
122,parkinsons,MAR,1074497555,OT_PMM,RMSE,0.6629767460047647
123,parkinsons,MAR,1074497555,OT_PMM,MAE,0.37218963040618747
124,parkinsons,MAR,1102145672,PMM,RMSE,0.6703369934751512
125,parkinsons,MAR,1102145672,PMM,MAE,0.3616211171548632
126,parkinsons,MAR,1102145672,OT_PMM,RMSE,0.6253492170399043
127,parkinsons,MAR,1102145672,OT_PMM,MAE,0.3462060076591836
128,parkinsons,MAR,1130604997,PMM,RMSE,0.6964898863435777
129,parkinsons,MAR,1130604997,PMM,MAE,0.39974630501444325
130,parkinsons,MAR,1130604997,OT_PMM,RMSE,0.6510093183866383
131,parkinsons,MAR,1130604997,OT_PMM,MAE,0.3691348582873996
132,parkinsons,MAR,1171300112,PMM,RMSE,0.7822650569614285
133,parkinsons,MAR,1171300112,PMM,MAE,0.45863259290272723
134,parkinsons,MAR,1171300112,OT_PMM,RMSE,0.7288436490430221
135,parkinsons,MAR,1171300112,OT_PMM,MAE,0.4159137408455931
136,parkinsons,MAR,1382689815,PMM,RMSE,0.7717966578721489
137,parkinsons,MAR,1382689815,PMM,MAE,0.4855024720247483
138,parkinsons,MAR,1382689815,OT_PMM,RMSE,0.779627292836361
139,parkinsons,MAR,1382689815,OT_PMM,MAE,0.47362134386309496
140,parkinsons,MAR,1405681631,PMM,RMSE,0.7832850228894893
141,parkinsons,MAR,1405681631,PMM,MAE,0.43498936807860056
142,parkinsons,MAR,1405681631,OT_PMM,RMSE,0.6838868063635883
143,parkinsons,MAR,1405681631,OT_PMM,MAE,0.38490654933368457
144,parkinsons,MAR,1497586438,PMM,RMSE,0.7819629612454678
145,parkinsons,MAR,1497586438,PMM,MAE,0.43817587271115216
146,parkinsons,MAR,1497586438,OT_PMM,RMSE,0.7157724104440824
147,parkinsons,MAR,1497586438,OT_PMM,MAE,0.4042457461459378
148,parkinsons,MAR,1540770719,PMM,RMSE,0.6418365263718376
149,parkinsons,MAR,1540770719,PMM,MAE,0.3358397054640613
150,parkinsons,MAR,1540770719,OT_PMM,RMSE,0.6286678010551521
151,parkinsons,MAR,1540770719,OT_PMM,MAE,0.3216788427145605
152,parkinsons,MAR,1580016183,PMM,RMSE,0.7603416445678584
153,parkinsons,MAR,1580016183,PMM,MAE,0.40792948366189996
154,parkinsons,MAR,1580016183,OT_PMM,RMSE,0.6971085493179464
155,parkinsons,MAR,1580016183,OT_PMM,MAE,0.369461573198692
156,parkinsons,MAR,1634535062,PMM,RMSE,0.7712790686226089
157,parkinsons,MAR,1634535062,PMM,MAE,0.41383818959316426
158,parkinsons,MAR,1634535062,OT_PMM,RMSE,0.7453698670897668
159,parkinsons,MAR,1634535062,OT_PMM,MAE,0.3875299334618769
160,parkinsons,MAR,1662057957,PMM,RMSE,0.7038822532334575
161,parkinsons,MAR,1662057957,PMM,MAE,0.3773942470564751
162,parkinsons,MAR,1662057957,OT_PMM,RMSE,0.6734280385655281
163,parkinsons,MAR,1662057957,OT_PMM,MAE,0.3472123791804678
164,parkinsons,MAR,1678403330,PMM,RMSE,0.7043839324022819
165,parkinsons,MAR,1678403330,PMM,MAE,0.41801099069601505
166,parkinsons,MAR,1678403330,OT_PMM,RMSE,0.633479252471092
167,parkinsons,MAR,1678403330,OT_PMM,MAE,0.35577132396094824
168,parkinsons,MAR,1688060240,PMM,RMSE,0.7111072312137897
169,parkinsons,MAR,1688060240,PMM,MAE,0.3974455982341956
170,parkinsons,MAR,1688060240,OT_PMM,RMSE,0.7163146945050314
171,parkinsons,MAR,1688060240,OT_PMM,MAE,0.38731433021695605
172,parkinsons,MAR,1766867109,PMM,RMSE,0.7087569369139541
173,parkinsons,MAR,1766867109,PMM,MAE,0.4045791214487615
174,parkinsons,MAR,1766867109,OT_PMM,RMSE,0.6170035392444232
175,parkinsons,MAR,1766867109,OT_PMM,MAE,0.35517898595459024
176,parkinsons,MAR,1803345590,PMM,RMSE,0.7060460676827025
177,parkinsons,MAR,1803345590,PMM,MAE,0.4183291778511591
178,parkinsons,MAR,1803345590,OT_PMM,RMSE,0.6774268713774261
179,parkinsons,MAR,1803345590,OT_PMM,MAE,0.38497734897547986
180,parkinsons,MAR,1843824992,PMM,RMSE,0.6602820127611831
181,parkinsons,MAR,1843824992,PMM,MAE,0.3499027170392636
182,parkinsons,MAR,1843824992,OT_PMM,RMSE,0.5764448829089
183,parkinsons,MAR,1843824992,OT_PMM,MAE,0.30012610374815474
184,parkinsons,MAR,184566854,PMM,RMSE,0.6575180614655834
185,parkinsons,MAR,184566854,PMM,MAE,0.34423274854572083
186,parkinsons,MAR,184566854,OT_PMM,RMSE,0.5780147918068071
187,parkinsons,MAR,184566854,OT_PMM,MAE,0.299552794110376
188,parkinsons,MAR,191664963,PMM,RMSE,0.7896810842623088
189,parkinsons,MAR,191664963,PMM,MAE,0.4370983846333095
190,parkinsons,MAR,191664963,OT_PMM,RMSE,0.7647493670602369
191,parkinsons,MAR,191664963,OT_PMM,MAE,0.41289761931214264
192,parkinsons,MAR,1990212658,PMM,RMSE,0.6588724780779254
193,parkinsons,MAR,1990212658,PMM,MAE,0.3943476941435777
194,parkinsons,MAR,1990212658,OT_PMM,RMSE,0.6363295748935209
195,parkinsons,MAR,1990212658,OT_PMM,MAE,0.3772000144498362
196,parkinsons,MAR,202244314,PMM,RMSE,0.7598743490672275
197,parkinsons,MAR,202244314,PMM,MAE,0.4672399395065408
198,parkinsons,MAR,202244314,OT_PMM,RMSE,0.6905798723118448
199,parkinsons,MAR,202244314,OT_PMM,MAE,0.39197987060563827
200,parkinsons,MAR,2095133045,PMM,RMSE,0.6479217780448205
201,parkinsons,MAR,2095133045,PMM,MAE,0.3674841345880824
202,parkinsons,MAR,2095133045,OT_PMM,RMSE,0.5521124876656793
203,parkinsons,MAR,2095133045,OT_PMM,MAE,0.32115172539124215
204,parkinsons,MAR,275121930,PMM,RMSE,0.6731710161834963
205,parkinsons,MAR,275121930,PMM,MAE,0.38879273413029763
206,parkinsons,MAR,275121930,OT_PMM,RMSE,0.5981298947798421
207,parkinsons,MAR,275121930,OT_PMM,MAE,0.34934641027026997
208,parkinsons,MAR,392022359,PMM,RMSE,0.6900022384959943
209,parkinsons,MAR,392022359,PMM,MAE,0.3899891929951941
210,parkinsons,MAR,392022359,OT_PMM,RMSE,0.6191081285427447
211,parkinsons,MAR,392022359,OT_PMM,MAE,0.3451753010913123
212,parkinsons,MAR,432652533,PMM,RMSE,0.6940083257669869
213,parkinsons,MAR,432652533,PMM,MAE,0.39612084267448605
214,parkinsons,MAR,432652533,OT_PMM,RMSE,0.6887223639085542
215,parkinsons,MAR,432652533,OT_PMM,MAE,0.38598318792288083
216,parkinsons,MAR,796282693,PMM,RMSE,0.5916903651648472
217,parkinsons,MAR,796282693,PMM,MAE,0.32037245510949014
218,parkinsons,MAR,796282693,OT_PMM,RMSE,0.5746618986597436
219,parkinsons,MAR,796282693,OT_PMM,MAE,0.30497828362365675
220,parkinsons,MAR,864178266,PMM,RMSE,0.6803310193657712
221,parkinsons,MAR,864178266,PMM,MAE,0.4198645082421364
222,parkinsons,MAR,864178266,OT_PMM,RMSE,0.6478975080323067
223,parkinsons,MAR,864178266,OT_PMM,MAE,0.3884759617582858
224,parkinsons,MAR,929893137,PMM,RMSE,0.7485599068336699
225,parkinsons,MAR,929893137,PMM,MAE,0.40211010371168265
226,parkinsons,MAR,929893137,OT_PMM,RMSE,0.6237372098502124
227,parkinsons,MAR,929893137,OT_PMM,MAE,0.3382678798410438
228,parkinsons,MAR,942484272,PMM,RMSE,0.7542339246200773
229,parkinsons,MAR,942484272,PMM,MAE,0.4400888649193452
230,parkinsons,MAR,942484272,OT_PMM,RMSE,0.8260983783432597
231,parkinsons,MAR,942484272,OT_PMM,MAE,0.45967698366547444
232,parkinsons,MAR,952224740,PMM,RMSE,0.7488328908258668
233,parkinsons,MAR,952224740,PMM,MAE,0.42598666037640154
234,parkinsons,MAR,952224740,OT_PMM,RMSE,0.6637059392666695
235,parkinsons,MAR,952224740,OT_PMM,MAE,0.36574312780628504
236,parkinsons,MAR,967196436,PMM,RMSE,0.5515359582631912
237,parkinsons,MAR,967196436,PMM,MAE,0.3245823653934529
238,parkinsons,MAR,967196436,OT_PMM,RMSE,0.495559702890502
239,parkinsons,MAR,967196436,OT_PMM,MAE,0.2887905481136255
240,parkinsons,MNAR_log,1074497555,PMM,RMSE,0.7939143926589213
241,parkinsons,MNAR_log,1074497555,PMM,MAE,0.47572349797203445
242,parkinsons,MNAR_log,1074497555,OT_PMM,RMSE,0.6957580648028815
243,parkinsons,MNAR_log,1074497555,OT_PMM,MAE,0.4071128748362987
244,parkinsons,MNAR_log,1102145672,PMM,RMSE,0.8537797783492658
245,parkinsons,MNAR_log,1102145672,PMM,MAE,0.5101459292781367
246,parkinsons,MNAR_log,1102145672,OT_PMM,RMSE,0.7641304986233732
247,parkinsons,MNAR_log,1102145672,OT_PMM,MAE,0.45601207921873343
248,parkinsons,MNAR_log,1130604997,PMM,RMSE,0.9475253489747191
249,parkinsons,MNAR_log,1130604997,PMM,MAE,0.5336034288154684
250,parkinsons,MNAR_log,1130604997,OT_PMM,RMSE,0.842047954419926
251,parkinsons,MNAR_log,1130604997,OT_PMM,MAE,0.47374390832679525
252,parkinsons,MNAR_log,1171300112,PMM,RMSE,0.805052123720045
253,parkinsons,MNAR_log,1171300112,PMM,MAE,0.4963500572008045
254,parkinsons,MNAR_log,1171300112,OT_PMM,RMSE,0.7271492235164908
255,parkinsons,MNAR_log,1171300112,OT_PMM,MAE,0.44371547514994497
256,parkinsons,MNAR_log,1382689815,PMM,RMSE,0.8764373920018148
257,parkinsons,MNAR_log,1382689815,PMM,MAE,0.5320893332035597
258,parkinsons,MNAR_log,1382689815,OT_PMM,RMSE,0.8247507823791593
259,parkinsons,MNAR_log,1382689815,OT_PMM,MAE,0.48564015531097665
260,parkinsons,MNAR_log,1405681631,PMM,RMSE,0.6654678232162693
261,parkinsons,MNAR_log,1405681631,PMM,MAE,0.398422356251092
262,parkinsons,MNAR_log,1405681631,OT_PMM,RMSE,0.6743172266237911
263,parkinsons,MNAR_log,1405681631,OT_PMM,MAE,0.39213606191431033
264,parkinsons,MNAR_log,1497586438,PMM,RMSE,0.6789098377370447
265,parkinsons,MNAR_log,1497586438,PMM,MAE,0.41259428827672295
266,parkinsons,MNAR_log,1497586438,OT_PMM,RMSE,0.6394154738727916
267,parkinsons,MNAR_log,1497586438,OT_PMM,MAE,0.3818084266911974
268,parkinsons,MNAR_log,1540770719,PMM,RMSE,0.7384096796822337
269,parkinsons,MNAR_log,1540770719,PMM,MAE,0.46731342500761003
270,parkinsons,MNAR_log,1540770719,OT_PMM,RMSE,0.7799161014168047
271,parkinsons,MNAR_log,1540770719,OT_PMM,MAE,0.4704507841228764
272,parkinsons,MNAR_log,1580016183,PMM,RMSE,0.8763794129833314
273,parkinsons,MNAR_log,1580016183,PMM,MAE,0.5177135341128324
274,parkinsons,MNAR_log,1580016183,OT_PMM,RMSE,0.7780378747416797
275,parkinsons,MNAR_log,1580016183,OT_PMM,MAE,0.4686174048564814
276,parkinsons,MNAR_log,1634535062,PMM,RMSE,0.7597687436863126
277,parkinsons,MNAR_log,1634535062,PMM,MAE,0.4446884191854502
278,parkinsons,MNAR_log,1634535062,OT_PMM,RMSE,0.717421060413394
279,parkinsons,MNAR_log,1634535062,OT_PMM,MAE,0.40886130818884103
280,parkinsons,MNAR_log,1662057957,PMM,RMSE,0.6553718451301521
281,parkinsons,MNAR_log,1662057957,PMM,MAE,0.39043150876404054
282,parkinsons,MNAR_log,1662057957,OT_PMM,RMSE,0.6439975005516012
283,parkinsons,MNAR_log,1662057957,OT_PMM,MAE,0.3723579479200259
284,parkinsons,MNAR_log,1678403330,PMM,RMSE,0.6850334481840641
285,parkinsons,MNAR_log,1678403330,PMM,MAE,0.4001555437816226
286,parkinsons,MNAR_log,1678403330,OT_PMM,RMSE,0.6735031939545475
287,parkinsons,MNAR_log,1678403330,OT_PMM,MAE,0.39528765940613847
288,parkinsons,MNAR_log,1688060240,PMM,RMSE,0.6192024937909636
289,parkinsons,MNAR_log,1688060240,PMM,MAE,0.3737162173807911
290,parkinsons,MNAR_log,1688060240,OT_PMM,RMSE,0.6019181987797153
291,parkinsons,MNAR_log,1688060240,OT_PMM,MAE,0.3552931610270571
292,parkinsons,MNAR_log,1766867109,PMM,RMSE,0.7167221338002145
293,parkinsons,MNAR_log,1766867109,PMM,MAE,0.43485761787407406
294,parkinsons,MNAR_log,1766867109,OT_PMM,RMSE,0.6943305332743805
295,parkinsons,MNAR_log,1766867109,OT_PMM,MAE,0.4206383416079927
296,parkinsons,MNAR_log,1803345590,PMM,RMSE,0.6599817105088435
297,parkinsons,MNAR_log,1803345590,PMM,MAE,0.3923320215317431
298,parkinsons,MNAR_log,1803345590,OT_PMM,RMSE,0.6262466894049626
299,parkinsons,MNAR_log,1803345590,OT_PMM,MAE,0.36481536300019035
300,parkinsons,MNAR_log,1843824992,PMM,RMSE,0.6481080884569871
301,parkinsons,MNAR_log,1843824992,PMM,MAE,0.38872678962926127
302,parkinsons,MNAR_log,1843824992,OT_PMM,RMSE,0.6048766791430956
303,parkinsons,MNAR_log,1843824992,OT_PMM,MAE,0.3543883775803468
304,parkinsons,MNAR_log,184566854,PMM,RMSE,0.8252879642711988
305,parkinsons,MNAR_log,184566854,PMM,MAE,0.5085982704140314
306,parkinsons,MNAR_log,184566854,OT_PMM,RMSE,0.8455679902456265
307,parkinsons,MNAR_log,184566854,OT_PMM,MAE,0.49140090952641513
308,parkinsons,MNAR_log,191664963,PMM,RMSE,0.6793493773437864
309,parkinsons,MNAR_log,191664963,PMM,MAE,0.40852401792080745
310,parkinsons,MNAR_log,191664963,OT_PMM,RMSE,0.6204413275333734
311,parkinsons,MNAR_log,191664963,OT_PMM,MAE,0.3719904321548282
312,parkinsons,MNAR_log,1990212658,PMM,RMSE,0.8145632103907259
313,parkinsons,MNAR_log,1990212658,PMM,MAE,0.490683968681109
314,parkinsons,MNAR_log,1990212658,OT_PMM,RMSE,0.7913498863271847
315,parkinsons,MNAR_log,1990212658,OT_PMM,MAE,0.4699574281273052
316,parkinsons,MNAR_log,202244314,PMM,RMSE,0.7242588385502997
317,parkinsons,MNAR_log,202244314,PMM,MAE,0.424868410112761
318,parkinsons,MNAR_log,202244314,OT_PMM,RMSE,0.741077599849579
319,parkinsons,MNAR_log,202244314,OT_PMM,MAE,0.4211797379030964
320,parkinsons,MNAR_log,2095133045,PMM,RMSE,0.704751665723647
321,parkinsons,MNAR_log,2095133045,PMM,MAE,0.4168616741299677
322,parkinsons,MNAR_log,2095133045,OT_PMM,RMSE,0.6383086280412263
323,parkinsons,MNAR_log,2095133045,OT_PMM,MAE,0.3672900027292753
324,parkinsons,MNAR_log,275121930,PMM,RMSE,0.6568847847819883
325,parkinsons,MNAR_log,275121930,PMM,MAE,0.38158329835370036
326,parkinsons,MNAR_log,275121930,OT_PMM,RMSE,0.5884413281839374
327,parkinsons,MNAR_log,275121930,OT_PMM,MAE,0.3332558628565928
328,parkinsons,MNAR_log,392022359,PMM,RMSE,0.7316355151028376
329,parkinsons,MNAR_log,392022359,PMM,MAE,0.44903714886703083
330,parkinsons,MNAR_log,392022359,OT_PMM,RMSE,0.6593766416867641
331,parkinsons,MNAR_log,392022359,OT_PMM,MAE,0.3955937357147747
332,parkinsons,MNAR_log,432652533,PMM,RMSE,0.6503033506842466
333,parkinsons,MNAR_log,432652533,PMM,MAE,0.3848596288460822
334,parkinsons,MNAR_log,432652533,OT_PMM,RMSE,0.6280648166459053
335,parkinsons,MNAR_log,432652533,OT_PMM,MAE,0.369039069618143
336,parkinsons,MNAR_log,796282693,PMM,RMSE,0.6521615358716187
337,parkinsons,MNAR_log,796282693,PMM,MAE,0.3738647283413395
338,parkinsons,MNAR_log,796282693,OT_PMM,RMSE,0.6191019511144581
339,parkinsons,MNAR_log,796282693,OT_PMM,MAE,0.3598543613142793
340,parkinsons,MNAR_log,864178266,PMM,RMSE,0.8688958837465309
341,parkinsons,MNAR_log,864178266,PMM,MAE,0.5060417693272075
342,parkinsons,MNAR_log,864178266,OT_PMM,RMSE,0.7554419788806225
343,parkinsons,MNAR_log,864178266,OT_PMM,MAE,0.45893640344336395
344,parkinsons,MNAR_log,929893137,PMM,RMSE,0.8046105875371139
345,parkinsons,MNAR_log,929893137,PMM,MAE,0.4705723630534768
346,parkinsons,MNAR_log,929893137,OT_PMM,RMSE,0.7692786298416728
347,parkinsons,MNAR_log,929893137,OT_PMM,MAE,0.4490464093785824
348,parkinsons,MNAR_log,942484272,PMM,RMSE,0.7280335504650136
349,parkinsons,MNAR_log,942484272,PMM,MAE,0.43043639783883053
350,parkinsons,MNAR_log,942484272,OT_PMM,RMSE,0.6736964360087271
351,parkinsons,MNAR_log,942484272,OT_PMM,MAE,0.38424878133957696
352,parkinsons,MNAR_log,952224740,PMM,RMSE,0.9211901038013506
353,parkinsons,MNAR_log,952224740,PMM,MAE,0.525103355547066
354,parkinsons,MNAR_log,952224740,OT_PMM,RMSE,0.9338148421854049
355,parkinsons,MNAR_log,952224740,OT_PMM,MAE,0.5132642563459591
356,parkinsons,MNAR_log,967196436,PMM,RMSE,0.7584162700639514
357,parkinsons,MNAR_log,967196436,PMM,MAE,0.4772665344686459
358,parkinsons,MNAR_log,967196436,OT_PMM,RMSE,0.713002214668712
359,parkinsons,MNAR_log,967196436,OT_PMM,MAE,0.43385836484146545
360,parkinsons,MNAR_quant,1074497555,PMM,RMSE,0.6772330041410171
361,parkinsons,MNAR_quant,1074497555,PMM,MAE,0.45052414835523047
362,parkinsons,MNAR_quant,1074497555,OT_PMM,RMSE,0.5945216671676731
363,parkinsons,MNAR_quant,1074497555,OT_PMM,MAE,0.3829303732459499
364,parkinsons,MNAR_quant,1102145672,PMM,RMSE,0.8315661499610527
365,parkinsons,MNAR_quant,1102145672,PMM,MAE,0.5039090048988173
366,parkinsons,MNAR_quant,1102145672,OT_PMM,RMSE,0.6627491853425893
367,parkinsons,MNAR_quant,1102145672,OT_PMM,MAE,0.4090473590975985
368,parkinsons,MNAR_quant,1130604997,PMM,RMSE,0.6456009795953672
369,parkinsons,MNAR_quant,1130604997,PMM,MAE,0.4373177862451847
370,parkinsons,MNAR_quant,1130604997,OT_PMM,RMSE,0.598306461423385
371,parkinsons,MNAR_quant,1130604997,OT_PMM,MAE,0.3862075532103721
372,parkinsons,MNAR_quant,1171300112,PMM,RMSE,0.96490818689464
373,parkinsons,MNAR_quant,1171300112,PMM,MAE,0.5930932738736744
374,parkinsons,MNAR_quant,1171300112,OT_PMM,RMSE,0.8696541668876648
375,parkinsons,MNAR_quant,1171300112,OT_PMM,MAE,0.5310950095494259
376,parkinsons,MNAR_quant,1382689815,PMM,RMSE,0.9312575332001746
377,parkinsons,MNAR_quant,1382689815,PMM,MAE,0.5273360964798744
378,parkinsons,MNAR_quant,1382689815,OT_PMM,RMSE,0.8536499904626849
379,parkinsons,MNAR_quant,1382689815,OT_PMM,MAE,0.4654427988699601
380,parkinsons,MNAR_quant,1405681631,PMM,RMSE,0.7195307193354727
381,parkinsons,MNAR_quant,1405681631,PMM,MAE,0.43164999890933264
382,parkinsons,MNAR_quant,1405681631,OT_PMM,RMSE,0.671668590846918
383,parkinsons,MNAR_quant,1405681631,OT_PMM,MAE,0.40107025127795715
384,parkinsons,MNAR_quant,1497586438,PMM,RMSE,0.5745938675659591
385,parkinsons,MNAR_quant,1497586438,PMM,MAE,0.33328737971336975
386,parkinsons,MNAR_quant,1497586438,OT_PMM,RMSE,0.4755126976556381
387,parkinsons,MNAR_quant,1497586438,OT_PMM,MAE,0.27543610357416987
388,parkinsons,MNAR_quant,1540770719,PMM,RMSE,0.7377367339850283
389,parkinsons,MNAR_quant,1540770719,PMM,MAE,0.49673491398768876
390,parkinsons,MNAR_quant,1540770719,OT_PMM,RMSE,0.6096008881989222
391,parkinsons,MNAR_quant,1540770719,OT_PMM,MAE,0.39767368535015196
392,parkinsons,MNAR_quant,1580016183,PMM,RMSE,0.8770394401151504
393,parkinsons,MNAR_quant,1580016183,PMM,MAE,0.6000978817419427
394,parkinsons,MNAR_quant,1580016183,OT_PMM,RMSE,0.8421191789786231
395,parkinsons,MNAR_quant,1580016183,OT_PMM,MAE,0.5685452315084132
396,parkinsons,MNAR_quant,1634535062,PMM,RMSE,0.7034552630198917
397,parkinsons,MNAR_quant,1634535062,PMM,MAE,0.39439355237220414
398,parkinsons,MNAR_quant,1634535062,OT_PMM,RMSE,0.5886252151607182
399,parkinsons,MNAR_quant,1634535062,OT_PMM,MAE,0.326643801275078
400,parkinsons,MNAR_quant,1662057957,PMM,RMSE,0.7569531394787408
401,parkinsons,MNAR_quant,1662057957,PMM,MAE,0.5245023020795632
402,parkinsons,MNAR_quant,1662057957,OT_PMM,RMSE,0.6975874911184357
403,parkinsons,MNAR_quant,1662057957,OT_PMM,MAE,0.4610001666452771
404,parkinsons,MNAR_quant,1678403330,PMM,RMSE,0.9193363077831533
405,parkinsons,MNAR_quant,1678403330,PMM,MAE,0.5522519313899277
406,parkinsons,MNAR_quant,1678403330,OT_PMM,RMSE,0.7719629265973943
407,parkinsons,MNAR_quant,1678403330,OT_PMM,MAE,0.44029177632793204
408,parkinsons,MNAR_quant,1688060240,PMM,RMSE,0.9457407834054758
409,parkinsons,MNAR_quant,1688060240,PMM,MAE,0.6178268335112598
410,parkinsons,MNAR_quant,1688060240,OT_PMM,RMSE,0.8161378457370725
411,parkinsons,MNAR_quant,1688060240,OT_PMM,MAE,0.5365646627998526
412,parkinsons,MNAR_quant,1766867109,PMM,RMSE,0.7304946707249497
413,parkinsons,MNAR_quant,1766867109,PMM,MAE,0.44622865295346675
414,parkinsons,MNAR_quant,1766867109,OT_PMM,RMSE,0.5424055254451174
415,parkinsons,MNAR_quant,1766867109,OT_PMM,MAE,0.32933131262734616
416,parkinsons,MNAR_quant,1803345590,PMM,RMSE,0.7926329853180345
417,parkinsons,MNAR_quant,1803345590,PMM,MAE,0.42235174752038845
418,parkinsons,MNAR_quant,1803345590,OT_PMM,RMSE,0.655084171421227
419,parkinsons,MNAR_quant,1803345590,OT_PMM,MAE,0.3366419906611776
420,parkinsons,MNAR_quant,1843824992,PMM,RMSE,0.6537257505291156
421,parkinsons,MNAR_quant,1843824992,PMM,MAE,0.3875976626213925
422,parkinsons,MNAR_quant,1843824992,OT_PMM,RMSE,0.5867366884885008
423,parkinsons,MNAR_quant,1843824992,OT_PMM,MAE,0.3223266031116301
424,parkinsons,MNAR_quant,184566854,PMM,RMSE,0.9168205318019382
425,parkinsons,MNAR_quant,184566854,PMM,MAE,0.581540102045331
426,parkinsons,MNAR_quant,184566854,OT_PMM,RMSE,0.7438851590192841
427,parkinsons,MNAR_quant,184566854,OT_PMM,MAE,0.45932160202675865
428,parkinsons,MNAR_quant,191664963,PMM,RMSE,0.7066838868151026
429,parkinsons,MNAR_quant,191664963,PMM,MAE,0.4204450781864085
430,parkinsons,MNAR_quant,191664963,OT_PMM,RMSE,0.6362511798404414
431,parkinsons,MNAR_quant,191664963,OT_PMM,MAE,0.37075206361712676
432,parkinsons,MNAR_quant,1990212658,PMM,RMSE,0.6604581448651323
433,parkinsons,MNAR_quant,1990212658,PMM,MAE,0.376883245769472
434,parkinsons,MNAR_quant,1990212658,OT_PMM,RMSE,0.5623441269748455
435,parkinsons,MNAR_quant,1990212658,OT_PMM,MAE,0.30885733679329996
436,parkinsons,MNAR_quant,202244314,PMM,RMSE,0.704576718428052
437,parkinsons,MNAR_quant,202244314,PMM,MAE,0.47280655310166825
438,parkinsons,MNAR_quant,202244314,OT_PMM,RMSE,0.6821852571768366
439,parkinsons,MNAR_quant,202244314,OT_PMM,MAE,0.4410299647398379
440,parkinsons,MNAR_quant,2095133045,PMM,RMSE,0.7678796325964674
441,parkinsons,MNAR_quant,2095133045,PMM,MAE,0.48846351580844155
442,parkinsons,MNAR_quant,2095133045,OT_PMM,RMSE,0.6690281632429836
443,parkinsons,MNAR_quant,2095133045,OT_PMM,MAE,0.4146034820815173
444,parkinsons,MNAR_quant,275121930,PMM,RMSE,0.8643411329859186
445,parkinsons,MNAR_quant,275121930,PMM,MAE,0.5109987635666211
446,parkinsons,MNAR_quant,275121930,OT_PMM,RMSE,0.7659208323740406
447,parkinsons,MNAR_quant,275121930,OT_PMM,MAE,0.4354317941790626
448,parkinsons,MNAR_quant,392022359,PMM,RMSE,0.7893586020907798
449,parkinsons,MNAR_quant,392022359,PMM,MAE,0.5023095999722531
450,parkinsons,MNAR_quant,392022359,OT_PMM,RMSE,0.7438249879121617
451,parkinsons,MNAR_quant,392022359,OT_PMM,MAE,0.46674582819972116
452,parkinsons,MNAR_quant,432652533,PMM,RMSE,0.768982377671019
453,parkinsons,MNAR_quant,432652533,PMM,MAE,0.47381224970652447
454,parkinsons,MNAR_quant,432652533,OT_PMM,RMSE,0.6515540453408986
455,parkinsons,MNAR_quant,432652533,OT_PMM,MAE,0.4070531187197799
456,parkinsons,MNAR_quant,796282693,PMM,RMSE,0.7021757594985563
457,parkinsons,MNAR_quant,796282693,PMM,MAE,0.4514243985209272
458,parkinsons,MNAR_quant,796282693,OT_PMM,RMSE,0.5768420644443761
459,parkinsons,MNAR_quant,796282693,OT_PMM,MAE,0.36733836034318773
460,parkinsons,MNAR_quant,864178266,PMM,RMSE,0.8146566865304846
461,parkinsons,MNAR_quant,864178266,PMM,MAE,0.4615154892103228
462,parkinsons,MNAR_quant,864178266,OT_PMM,RMSE,0.7593480788860647
463,parkinsons,MNAR_quant,864178266,OT_PMM,MAE,0.40762196231771836
464,parkinsons,MNAR_quant,929893137,PMM,RMSE,0.7719427767541905
465,parkinsons,MNAR_quant,929893137,PMM,MAE,0.4901491974192493
466,parkinsons,MNAR_quant,929893137,OT_PMM,RMSE,0.7205583295324302
467,parkinsons,MNAR_quant,929893137,OT_PMM,MAE,0.44647527334767834
468,parkinsons,MNAR_quant,942484272,PMM,RMSE,0.6990222773594578
469,parkinsons,MNAR_quant,942484272,PMM,MAE,0.3973948858173389
470,parkinsons,MNAR_quant,942484272,OT_PMM,RMSE,0.5732112219301657
471,parkinsons,MNAR_quant,942484272,OT_PMM,MAE,0.33173647206409673
472,parkinsons,MNAR_quant,952224740,PMM,RMSE,0.5070182396351377
473,parkinsons,MNAR_quant,952224740,PMM,MAE,0.2936096053833402
474,parkinsons,MNAR_quant,952224740,OT_PMM,RMSE,0.4164897548943566
475,parkinsons,MNAR_quant,952224740,OT_PMM,MAE,0.21662041838930907
476,parkinsons,MNAR_quant,967196436,PMM,RMSE,0.8405855147036997
477,parkinsons,MNAR_quant,967196436,PMM,MAE,0.4673251817941104
478,parkinsons,MNAR_quant,967196436,OT_PMM,RMSE,0.683256892009851
479,parkinsons,MNAR_quant,967196436,OT_PMM,MAE,0.3789606611278837
480,transfusion,MCAR,1074497555,PMM,RMSE,0.8643270226729236
481,transfusion,MCAR,1074497555,PMM,MAE,0.48773729021691165
482,transfusion,MCAR,1074497555,OT_PMM,RMSE,0.8453723002574571
483,transfusion,MCAR,1074497555,OT_PMM,MAE,0.46238011494314574
484,transfusion,MCAR,1102145672,PMM,RMSE,0.9719247561252959
485,transfusion,MCAR,1102145672,PMM,MAE,0.5248784457678098
486,transfusion,MCAR,1102145672,OT_PMM,RMSE,0.9193303748590876
487,transfusion,MCAR,1102145672,OT_PMM,MAE,0.5030329990580458
488,transfusion,MCAR,1130604997,PMM,RMSE,0.8360882076521025
489,transfusion,MCAR,1130604997,PMM,MAE,0.48375042042430383
490,transfusion,MCAR,1130604997,OT_PMM,RMSE,0.817210210042823
491,transfusion,MCAR,1130604997,OT_PMM,MAE,0.447871907535937
492,transfusion,MCAR,1171300112,PMM,RMSE,0.8142151225151185
493,transfusion,MCAR,1171300112,PMM,MAE,0.43261756296936343
494,transfusion,MCAR,1171300112,OT_PMM,RMSE,0.7518371091412493
495,transfusion,MCAR,1171300112,OT_PMM,MAE,0.41069062261958883
496,transfusion,MCAR,1382689815,PMM,RMSE,0.910880092213484
497,transfusion,MCAR,1382689815,PMM,MAE,0.4622066775129361
498,transfusion,MCAR,1382689815,OT_PMM,RMSE,0.8456720034836145
499,transfusion,MCAR,1382689815,OT_PMM,MAE,0.45457410460209324
500,transfusion,MCAR,1405681631,PMM,RMSE,0.8759924668820469
501,transfusion,MCAR,1405681631,PMM,MAE,0.5051760939741146
502,transfusion,MCAR,1405681631,OT_PMM,RMSE,0.815058883151724
503,transfusion,MCAR,1405681631,OT_PMM,MAE,0.4480837345035306
504,transfusion,MCAR,1497586438,PMM,RMSE,0.8715447348504061
505,transfusion,MCAR,1497586438,PMM,MAE,0.4603527993220608
506,transfusion,MCAR,1497586438,OT_PMM,RMSE,0.8790525637536624
507,transfusion,MCAR,1497586438,OT_PMM,MAE,0.4789890734838975
508,transfusion,MCAR,1540770719,PMM,RMSE,0.8655081343814552
509,transfusion,MCAR,1540770719,PMM,MAE,0.4695853785621339
510,transfusion,MCAR,1540770719,OT_PMM,RMSE,0.8045098502322015
511,transfusion,MCAR,1540770719,OT_PMM,MAE,0.41235159241278896
512,transfusion,MCAR,1580016183,PMM,RMSE,0.9193250381151993
513,transfusion,MCAR,1580016183,PMM,MAE,0.4677570810546318
514,transfusion,MCAR,1580016183,OT_PMM,RMSE,0.9809552702118315
515,transfusion,MCAR,1580016183,OT_PMM,MAE,0.4869242816739584
516,transfusion,MCAR,1634535062,PMM,RMSE,0.948396152610192
517,transfusion,MCAR,1634535062,PMM,MAE,0.5092088042822617
518,transfusion,MCAR,1634535062,OT_PMM,RMSE,0.8795631569194484
519,transfusion,MCAR,1634535062,OT_PMM,MAE,0.49325587313160074
520,transfusion,MCAR,1662057957,PMM,RMSE,0.805025608359838
521,transfusion,MCAR,1662057957,PMM,MAE,0.4137839902608474
522,transfusion,MCAR,1662057957,OT_PMM,RMSE,0.8350391592488057
523,transfusion,MCAR,1662057957,OT_PMM,MAE,0.44563995710154836
524,transfusion,MCAR,1678403330,PMM,RMSE,0.8543219595333622
525,transfusion,MCAR,1678403330,PMM,MAE,0.45236366461320526
526,transfusion,MCAR,1678403330,OT_PMM,RMSE,0.8696356521723317
527,transfusion,MCAR,1678403330,OT_PMM,MAE,0.48116375131794553
528,transfusion,MCAR,1688060240,PMM,RMSE,0.8572076251841845
529,transfusion,MCAR,1688060240,PMM,MAE,0.4779806224251048
530,transfusion,MCAR,1688060240,OT_PMM,RMSE,0.8076531257704309
531,transfusion,MCAR,1688060240,OT_PMM,MAE,0.4378204036482173
532,transfusion,MCAR,1766867109,PMM,RMSE,0.8782951813082019
533,transfusion,MCAR,1766867109,PMM,MAE,0.46510365969445344
534,transfusion,MCAR,1766867109,OT_PMM,RMSE,0.8281486045205873
535,transfusion,MCAR,1766867109,OT_PMM,MAE,0.4490943273913417
536,transfusion,MCAR,1803345590,PMM,RMSE,0.8713738948450871
537,transfusion,MCAR,1803345590,PMM,MAE,0.45852392246605533
538,transfusion,MCAR,1803345590,OT_PMM,RMSE,0.8719599367849895
539,transfusion,MCAR,1803345590,OT_PMM,MAE,0.4734965634079372
540,transfusion,MCAR,1843824992,PMM,RMSE,0.8926593143415092
541,transfusion,MCAR,1843824992,PMM,MAE,0.4849676284130907
542,transfusion,MCAR,1843824992,OT_PMM,RMSE,0.9088930763199399
543,transfusion,MCAR,1843824992,OT_PMM,MAE,0.48463537491486053
544,transfusion,MCAR,184566854,PMM,RMSE,0.9357693160932945
545,transfusion,MCAR,184566854,PMM,MAE,0.4946037382257925
546,transfusion,MCAR,184566854,OT_PMM,RMSE,0.9018639817447299
547,transfusion,MCAR,184566854,OT_PMM,MAE,0.4833784306867449
548,transfusion,MCAR,191664963,PMM,RMSE,0.8814058104442923
549,transfusion,MCAR,191664963,PMM,MAE,0.45613016504766457
550,transfusion,MCAR,191664963,OT_PMM,RMSE,0.8274108301846573
551,transfusion,MCAR,191664963,OT_PMM,MAE,0.43602304415612025
552,transfusion,MCAR,1990212658,PMM,RMSE,0.8816241144976545
553,transfusion,MCAR,1990212658,PMM,MAE,0.47821869262457334
554,transfusion,MCAR,1990212658,OT_PMM,RMSE,0.841403597359782
555,transfusion,MCAR,1990212658,OT_PMM,MAE,0.46329910540407365
556,transfusion,MCAR,202244314,PMM,RMSE,0.7840460277786341
557,transfusion,MCAR,202244314,PMM,MAE,0.43299889292832405
558,transfusion,MCAR,202244314,OT_PMM,RMSE,0.7773621974959718
559,transfusion,MCAR,202244314,OT_PMM,MAE,0.4186519651726911
560,transfusion,MCAR,2095133045,PMM,RMSE,0.8216852933774083
561,transfusion,MCAR,2095133045,PMM,MAE,0.4230530427698333
562,transfusion,MCAR,2095133045,OT_PMM,RMSE,0.8227644631809791
563,transfusion,MCAR,2095133045,OT_PMM,MAE,0.4551187033419213
564,transfusion,MCAR,275121930,PMM,RMSE,0.8226508016019977
565,transfusion,MCAR,275121930,PMM,MAE,0.4564452219429225
566,transfusion,MCAR,275121930,OT_PMM,RMSE,0.8776295495985108
567,transfusion,MCAR,275121930,OT_PMM,MAE,0.46587930345338135
568,transfusion,MCAR,392022359,PMM,RMSE,0.8301507851242521
569,transfusion,MCAR,392022359,PMM,MAE,0.4458305358594265
570,transfusion,MCAR,392022359,OT_PMM,RMSE,0.8359466891985555
571,transfusion,MCAR,392022359,OT_PMM,MAE,0.43960297845638613
572,transfusion,MCAR,432652533,PMM,RMSE,0.8164539622368047
573,transfusion,MCAR,432652533,PMM,MAE,0.42440825100893736
574,transfusion,MCAR,432652533,OT_PMM,RMSE,0.8381073676467728
575,transfusion,MCAR,432652533,OT_PMM,MAE,0.44130622247082907
576,transfusion,MCAR,796282693,PMM,RMSE,0.7806208272412238
577,transfusion,MCAR,796282693,PMM,MAE,0.41399588971407064
578,transfusion,MCAR,796282693,OT_PMM,RMSE,0.7265988836902567
579,transfusion,MCAR,796282693,OT_PMM,MAE,0.38756798645306967
580,transfusion,MCAR,864178266,PMM,RMSE,0.8368431606943345
581,transfusion,MCAR,864178266,PMM,MAE,0.444273144835682
582,transfusion,MCAR,864178266,OT_PMM,RMSE,0.9008954797104503
583,transfusion,MCAR,864178266,OT_PMM,MAE,0.46363185900387677
584,transfusion,MCAR,929893137,PMM,RMSE,0.8676156000453099
585,transfusion,MCAR,929893137,PMM,MAE,0.4825608698939407
586,transfusion,MCAR,929893137,OT_PMM,RMSE,0.8219815505430921
587,transfusion,MCAR,929893137,OT_PMM,MAE,0.45390994040199867
588,transfusion,MCAR,942484272,PMM,RMSE,0.9207343388768863
589,transfusion,MCAR,942484272,PMM,MAE,0.5147825366244915
590,transfusion,MCAR,942484272,OT_PMM,RMSE,1.0036437977898014
591,transfusion,MCAR,942484272,OT_PMM,MAE,0.515087375678363
592,transfusion,MCAR,952224740,PMM,RMSE,0.8852218467256245
593,transfusion,MCAR,952224740,PMM,MAE,0.4752576938709267
594,transfusion,MCAR,952224740,OT_PMM,RMSE,0.8781218388031891
595,transfusion,MCAR,952224740,OT_PMM,MAE,0.46259671604169117
596,transfusion,MCAR,967196436,PMM,RMSE,0.9340733431235363
597,transfusion,MCAR,967196436,PMM,MAE,0.48029704000560286
598,transfusion,MCAR,967196436,OT_PMM,RMSE,0.9456209316432609
599,transfusion,MCAR,967196436,OT_PMM,MAE,0.4662098999183032
600,transfusion,MAR,1074497555,PMM,RMSE,0.6691796493270957
601,transfusion,MAR,1074497555,PMM,MAE,0.35924187549997216
602,transfusion,MAR,1074497555,OT_PMM,RMSE,0.7822691986939377
603,transfusion,MAR,1074497555,OT_PMM,MAE,0.42349539031876243
604,transfusion,MAR,1102145672,PMM,RMSE,0.6623634421996955
605,transfusion,MAR,1102145672,PMM,MAE,0.3503585798029169
606,transfusion,MAR,1102145672,OT_PMM,RMSE,0.6224232468888916
607,transfusion,MAR,1102145672,OT_PMM,MAE,0.3287294458617677
608,transfusion,MAR,1130604997,PMM,RMSE,0.8792822280866532
609,transfusion,MAR,1130604997,PMM,MAE,0.4078393970543458
610,transfusion,MAR,1130604997,OT_PMM,RMSE,0.7802492075551455
611,transfusion,MAR,1130604997,OT_PMM,MAE,0.36456452340377654
612,transfusion,MAR,1171300112,PMM,RMSE,1.0142901725221622
613,transfusion,MAR,1171300112,PMM,MAE,0.46327461994744296
614,transfusion,MAR,1171300112,OT_PMM,RMSE,1.0116375318530484
615,transfusion,MAR,1171300112,OT_PMM,MAE,0.44995490261141063
616,transfusion,MAR,1382689815,PMM,RMSE,0.8061925859849722
617,transfusion,MAR,1382689815,PMM,MAE,0.4665952536903724
618,transfusion,MAR,1382689815,OT_PMM,RMSE,0.8675562467193991
619,transfusion,MAR,1382689815,OT_PMM,MAE,0.4816545616152843
620,transfusion,MAR,1405681631,PMM,RMSE,0.5956820884628314
621,transfusion,MAR,1405681631,PMM,MAE,0.32921060259588286
622,transfusion,MAR,1405681631,OT_PMM,RMSE,0.6283789394013258
623,transfusion,MAR,1405681631,OT_PMM,MAE,0.33564520820250293
624,transfusion,MAR,1497586438,PMM,RMSE,0.9526930122970322
625,transfusion,MAR,1497586438,PMM,MAE,0.47622738448916924
626,transfusion,MAR,1497586438,OT_PMM,RMSE,0.9008425805053163
627,transfusion,MAR,1497586438,OT_PMM,MAE,0.44493724761982145
628,transfusion,MAR,1540770719,PMM,RMSE,0.8628464964327385
629,transfusion,MAR,1540770719,PMM,MAE,0.4534523181046857
630,transfusion,MAR,1540770719,OT_PMM,RMSE,0.8694308011415303
631,transfusion,MAR,1540770719,OT_PMM,MAE,0.47098105734219914
632,transfusion,MAR,1580016183,PMM,RMSE,0.9416990674209323
633,transfusion,MAR,1580016183,PMM,MAE,0.46972448755518276
634,transfusion,MAR,1580016183,OT_PMM,RMSE,0.917195467521321
635,transfusion,MAR,1580016183,OT_PMM,MAE,0.4577274698771502
636,transfusion,MAR,1634535062,PMM,RMSE,1.0963044946782567
637,transfusion,MAR,1634535062,PMM,MAE,0.6042636603362328
638,transfusion,MAR,1634535062,OT_PMM,RMSE,1.0769170356276476
639,transfusion,MAR,1634535062,OT_PMM,MAE,0.6174946910198489
640,transfusion,MAR,1662057957,PMM,RMSE,1.0743995132183637
641,transfusion,MAR,1662057957,PMM,MAE,0.5749052753613887
642,transfusion,MAR,1662057957,OT_PMM,RMSE,0.8891413347815539
643,transfusion,MAR,1662057957,OT_PMM,MAE,0.49840675756237995
644,transfusion,MAR,1678403330,PMM,RMSE,0.9452572839194444
645,transfusion,MAR,1678403330,PMM,MAE,0.5023404727966782
646,transfusion,MAR,1678403330,OT_PMM,RMSE,1.0266401057586183
647,transfusion,MAR,1678403330,OT_PMM,MAE,0.5325822272135968
648,transfusion,MAR,1688060240,PMM,RMSE,0.9365099283907785
649,transfusion,MAR,1688060240,PMM,MAE,0.4946763597064372
650,transfusion,MAR,1688060240,OT_PMM,RMSE,0.8689233260552134
651,transfusion,MAR,1688060240,OT_PMM,MAE,0.4772266559413507
652,transfusion,MAR,1766867109,PMM,RMSE,0.6750868546575626
653,transfusion,MAR,1766867109,PMM,MAE,0.27780212027788564
654,transfusion,MAR,1766867109,OT_PMM,RMSE,0.5043982185315946
655,transfusion,MAR,1766867109,OT_PMM,MAE,0.2127025016025735
656,transfusion,MAR,1803345590,PMM,RMSE,0.6142103799092469
657,transfusion,MAR,1803345590,PMM,MAE,0.30372504375116427
658,transfusion,MAR,1803345590,OT_PMM,RMSE,0.5334034242764699
659,transfusion,MAR,1803345590,OT_PMM,MAE,0.24686020028077565
660,transfusion,MAR,1843824992,PMM,RMSE,0.8477775848055755
661,transfusion,MAR,1843824992,PMM,MAE,0.3818982486242797
662,transfusion,MAR,1843824992,OT_PMM,RMSE,0.862448710618891
663,transfusion,MAR,1843824992,OT_PMM,MAE,0.38906895890294907
664,transfusion,MAR,184566854,PMM,RMSE,0.9615913301780841
665,transfusion,MAR,184566854,PMM,MAE,0.43834778533793123
666,transfusion,MAR,184566854,OT_PMM,RMSE,0.8577947575263329
667,transfusion,MAR,184566854,OT_PMM,MAE,0.39464788559995906
668,transfusion,MAR,191664963,PMM,RMSE,0.8330253349916632
669,transfusion,MAR,191664963,PMM,MAE,0.3579851380062385
670,transfusion,MAR,191664963,OT_PMM,RMSE,0.7897853873659663
671,transfusion,MAR,191664963,OT_PMM,MAE,0.3327357258881813
672,transfusion,MAR,1990212658,PMM,RMSE,0.9248997443374488
673,transfusion,MAR,1990212658,PMM,MAE,0.46140095144969623
674,transfusion,MAR,1990212658,OT_PMM,RMSE,0.8975979236699538
675,transfusion,MAR,1990212658,OT_PMM,MAE,0.4446755567894158
676,transfusion,MAR,202244314,PMM,RMSE,1.043677784932065
677,transfusion,MAR,202244314,PMM,MAE,0.6212563896533365
678,transfusion,MAR,202244314,OT_PMM,RMSE,0.9675963239236136
679,transfusion,MAR,202244314,OT_PMM,MAE,0.5590674000141146
680,transfusion,MAR,2095133045,PMM,RMSE,0.6534807966310583
681,transfusion,MAR,2095133045,PMM,MAE,0.3143545059770848
682,transfusion,MAR,2095133045,OT_PMM,RMSE,0.597654900648739
683,transfusion,MAR,2095133045,OT_PMM,MAE,0.2811331868603515
684,transfusion,MAR,275121930,PMM,RMSE,0.9253957972307884
685,transfusion,MAR,275121930,PMM,MAE,0.4425682196000087
686,transfusion,MAR,275121930,OT_PMM,RMSE,0.9685416053746208
687,transfusion,MAR,275121930,OT_PMM,MAE,0.474719397311093
688,transfusion,MAR,392022359,PMM,RMSE,0.8299604182693389
689,transfusion,MAR,392022359,PMM,MAE,0.38063421742317816
690,transfusion,MAR,392022359,OT_PMM,RMSE,0.7986828626250503
691,transfusion,MAR,392022359,OT_PMM,MAE,0.3619600803669288
692,transfusion,MAR,432652533,PMM,RMSE,0.7816478644391738
693,transfusion,MAR,432652533,PMM,MAE,0.4044049773508139
694,transfusion,MAR,432652533,OT_PMM,RMSE,0.8151597603064114
695,transfusion,MAR,432652533,OT_PMM,MAE,0.38853648986531236
696,transfusion,MAR,796282693,PMM,RMSE,0.9524119477599658
697,transfusion,MAR,796282693,PMM,MAE,0.5107047908659746
698,transfusion,MAR,796282693,OT_PMM,RMSE,0.8883392430904911
699,transfusion,MAR,796282693,OT_PMM,MAE,0.45249858806779475
700,transfusion,MAR,864178266,PMM,RMSE,0.6480714735153164
701,transfusion,MAR,864178266,PMM,MAE,0.3388846250219804
702,transfusion,MAR,864178266,OT_PMM,RMSE,0.6996368876267549
703,transfusion,MAR,864178266,OT_PMM,MAE,0.3559986405033866
704,transfusion,MAR,929893137,PMM,RMSE,1.0312409873614286
705,transfusion,MAR,929893137,PMM,MAE,0.564742317640472
706,transfusion,MAR,929893137,OT_PMM,RMSE,0.9994007713708319
707,transfusion,MAR,929893137,OT_PMM,MAE,0.5176692280324222
708,transfusion,MAR,942484272,PMM,RMSE,0.8786208054019545
709,transfusion,MAR,942484272,PMM,MAE,0.5022295120804838
710,transfusion,MAR,942484272,OT_PMM,RMSE,0.8700490670568222
711,transfusion,MAR,942484272,OT_PMM,MAE,0.5113773800683218
712,transfusion,MAR,952224740,PMM,RMSE,0.7789995019736086
713,transfusion,MAR,952224740,PMM,MAE,0.4202012298782153
714,transfusion,MAR,952224740,OT_PMM,RMSE,0.7930921174525454
715,transfusion,MAR,952224740,OT_PMM,MAE,0.4334514008843289
716,transfusion,MAR,967196436,PMM,RMSE,0.7503789970239235
717,transfusion,MAR,967196436,PMM,MAE,0.42093817127086997
718,transfusion,MAR,967196436,OT_PMM,RMSE,0.8305185138684116
719,transfusion,MAR,967196436,OT_PMM,MAE,0.4733745995527014
720,transfusion,MNAR_log,1074497555,PMM,RMSE,0.8924175513131484
721,transfusion,MNAR_log,1074497555,PMM,MAE,0.5170049118162556
722,transfusion,MNAR_log,1074497555,OT_PMM,RMSE,0.9010006942649754
723,transfusion,MNAR_log,1074497555,OT_PMM,MAE,0.488188405352636
724,transfusion,MNAR_log,1102145672,PMM,RMSE,0.8689951563431404
725,transfusion,MNAR_log,1102145672,PMM,MAE,0.5179274097974882
726,transfusion,MNAR_log,1102145672,OT_PMM,RMSE,0.8367904163738433
727,transfusion,MNAR_log,1102145672,OT_PMM,MAE,0.47274665554650547
728,transfusion,MNAR_log,1130604997,PMM,RMSE,0.851370123285808
729,transfusion,MNAR_log,1130604997,PMM,MAE,0.43700570629867014
730,transfusion,MNAR_log,1130604997,OT_PMM,RMSE,0.7068280782770086
731,transfusion,MNAR_log,1130604997,OT_PMM,MAE,0.3493760310780143
732,transfusion,MNAR_log,1171300112,PMM,RMSE,0.7958555766529781
733,transfusion,MNAR_log,1171300112,PMM,MAE,0.419524866457762
734,transfusion,MNAR_log,1171300112,OT_PMM,RMSE,0.8254868703113116
735,transfusion,MNAR_log,1171300112,OT_PMM,MAE,0.4405970577963222
736,transfusion,MNAR_log,1382689815,PMM,RMSE,1.021703438765503
737,transfusion,MNAR_log,1382689815,PMM,MAE,0.5839643083424539
738,transfusion,MNAR_log,1382689815,OT_PMM,RMSE,0.908995945808109
739,transfusion,MNAR_log,1382689815,OT_PMM,MAE,0.5073903222996333
740,transfusion,MNAR_log,1405681631,PMM,RMSE,0.7937068701544243
741,transfusion,MNAR_log,1405681631,PMM,MAE,0.44813600619674443
742,transfusion,MNAR_log,1405681631,OT_PMM,RMSE,0.7505822048040758
743,transfusion,MNAR_log,1405681631,OT_PMM,MAE,0.41871365656596576
744,transfusion,MNAR_log,1497586438,PMM,RMSE,0.9130941800283453
745,transfusion,MNAR_log,1497586438,PMM,MAE,0.540012447223412
746,transfusion,MNAR_log,1497586438,OT_PMM,RMSE,0.899127367068623
747,transfusion,MNAR_log,1497586438,OT_PMM,MAE,0.5151673351499936
748,transfusion,MNAR_log,1540770719,PMM,RMSE,0.9898252219699766
749,transfusion,MNAR_log,1540770719,PMM,MAE,0.559491105284805
750,transfusion,MNAR_log,1540770719,OT_PMM,RMSE,0.9418180872511213
751,transfusion,MNAR_log,1540770719,OT_PMM,MAE,0.5250810309753344
752,transfusion,MNAR_log,1580016183,PMM,RMSE,0.8972313759627939
753,transfusion,MNAR_log,1580016183,PMM,MAE,0.49549878314392326
754,transfusion,MNAR_log,1580016183,OT_PMM,RMSE,0.8441857847894856
755,transfusion,MNAR_log,1580016183,OT_PMM,MAE,0.46860552762997737
756,transfusion,MNAR_log,1634535062,PMM,RMSE,0.9456596675556671
757,transfusion,MNAR_log,1634535062,PMM,MAE,0.4703612900595224
758,transfusion,MNAR_log,1634535062,OT_PMM,RMSE,0.8155057035151292
759,transfusion,MNAR_log,1634535062,OT_PMM,MAE,0.4492134582169884
760,transfusion,MNAR_log,1662057957,PMM,RMSE,0.7552573904360189
761,transfusion,MNAR_log,1662057957,PMM,MAE,0.4180438127947502
762,transfusion,MNAR_log,1662057957,OT_PMM,RMSE,0.7410013138855303
763,transfusion,MNAR_log,1662057957,OT_PMM,MAE,0.40442748734378725
764,transfusion,MNAR_log,1678403330,PMM,RMSE,1.038938923262951
765,transfusion,MNAR_log,1678403330,PMM,MAE,0.6097854228552212
766,transfusion,MNAR_log,1678403330,OT_PMM,RMSE,1.0268480311572303
767,transfusion,MNAR_log,1678403330,OT_PMM,MAE,0.5769228696798482
768,transfusion,MNAR_log,1688060240,PMM,RMSE,0.7956880366835568
769,transfusion,MNAR_log,1688060240,PMM,MAE,0.425787163104645
770,transfusion,MNAR_log,1688060240,OT_PMM,RMSE,0.7234378488981335
771,transfusion,MNAR_log,1688060240,OT_PMM,MAE,0.3754667147880841
772,transfusion,MNAR_log,1766867109,PMM,RMSE,0.9584160547088121
773,transfusion,MNAR_log,1766867109,PMM,MAE,0.4941761646427041
774,transfusion,MNAR_log,1766867109,OT_PMM,RMSE,0.8735037315543452
775,transfusion,MNAR_log,1766867109,OT_PMM,MAE,0.4351994947795958
776,transfusion,MNAR_log,1803345590,PMM,RMSE,1.1137058317227064
777,transfusion,MNAR_log,1803345590,PMM,MAE,0.6245852171076309
778,transfusion,MNAR_log,1803345590,OT_PMM,RMSE,1.0445224188509328
779,transfusion,MNAR_log,1803345590,OT_PMM,MAE,0.5611801573228968
780,transfusion,MNAR_log,1843824992,PMM,RMSE,0.8679684668537959
781,transfusion,MNAR_log,1843824992,PMM,MAE,0.4747407095844612
782,transfusion,MNAR_log,1843824992,OT_PMM,RMSE,0.8302635571918302
783,transfusion,MNAR_log,1843824992,OT_PMM,MAE,0.4618039257986953
784,transfusion,MNAR_log,184566854,PMM,RMSE,0.8572287844095748
785,transfusion,MNAR_log,184566854,PMM,MAE,0.45156774281015766
786,transfusion,MNAR_log,184566854,OT_PMM,RMSE,0.8533565761244866
787,transfusion,MNAR_log,184566854,OT_PMM,MAE,0.4482474454444385
788,transfusion,MNAR_log,191664963,PMM,RMSE,0.8090213636028334
789,transfusion,MNAR_log,191664963,PMM,MAE,0.4784493925279374
790,transfusion,MNAR_log,191664963,OT_PMM,RMSE,0.7907466634472942
791,transfusion,MNAR_log,191664963,OT_PMM,MAE,0.449503382405601
792,transfusion,MNAR_log,1990212658,PMM,RMSE,0.7632395549215913
793,transfusion,MNAR_log,1990212658,PMM,MAE,0.43805558056150945
794,transfusion,MNAR_log,1990212658,OT_PMM,RMSE,0.7727490950047072
795,transfusion,MNAR_log,1990212658,OT_PMM,MAE,0.41465244866644546
796,transfusion,MNAR_log,202244314,PMM,RMSE,0.8731576784863849
797,transfusion,MNAR_log,202244314,PMM,MAE,0.4353202105725469
798,transfusion,MNAR_log,202244314,OT_PMM,RMSE,0.7935657179010552
799,transfusion,MNAR_log,202244314,OT_PMM,MAE,0.4085810460071043
800,transfusion,MNAR_log,2095133045,PMM,RMSE,1.0595743577351047
801,transfusion,MNAR_log,2095133045,PMM,MAE,0.56903225925905
802,transfusion,MNAR_log,2095133045,OT_PMM,RMSE,0.9909901111554669
803,transfusion,MNAR_log,2095133045,OT_PMM,MAE,0.5580434042603039
804,transfusion,MNAR_log,275121930,PMM,RMSE,0.873925849668934
805,transfusion,MNAR_log,275121930,PMM,MAE,0.454000245061326
806,transfusion,MNAR_log,275121930,OT_PMM,RMSE,0.7535954853567344
807,transfusion,MNAR_log,275121930,OT_PMM,MAE,0.38852119052685885
808,transfusion,MNAR_log,392022359,PMM,RMSE,0.8485347855438267
809,transfusion,MNAR_log,392022359,PMM,MAE,0.5029027064457391
810,transfusion,MNAR_log,392022359,OT_PMM,RMSE,0.7873388238372311
811,transfusion,MNAR_log,392022359,OT_PMM,MAE,0.43310057017227827
812,transfusion,MNAR_log,432652533,PMM,RMSE,0.9178262436862223
813,transfusion,MNAR_log,432652533,PMM,MAE,0.45029056219485064
814,transfusion,MNAR_log,432652533,OT_PMM,RMSE,0.8682101403108963
815,transfusion,MNAR_log,432652533,OT_PMM,MAE,0.45104129441941826
816,transfusion,MNAR_log,796282693,PMM,RMSE,0.7481027702858866
817,transfusion,MNAR_log,796282693,PMM,MAE,0.42058196424768624
818,transfusion,MNAR_log,796282693,OT_PMM,RMSE,0.7400473134864202
819,transfusion,MNAR_log,796282693,OT_PMM,MAE,0.40634251759748197
820,transfusion,MNAR_log,864178266,PMM,RMSE,0.7929846944676391
821,transfusion,MNAR_log,864178266,PMM,MAE,0.45779431457471326
822,transfusion,MNAR_log,864178266,OT_PMM,RMSE,0.8621462626969607
823,transfusion,MNAR_log,864178266,OT_PMM,MAE,0.47517639539180556
824,transfusion,MNAR_log,929893137,PMM,RMSE,0.854961420260032
825,transfusion,MNAR_log,929893137,PMM,MAE,0.4428887588009866
826,transfusion,MNAR_log,929893137,OT_PMM,RMSE,0.8229445191839072
827,transfusion,MNAR_log,929893137,OT_PMM,MAE,0.45503996546009023
828,transfusion,MNAR_log,942484272,PMM,RMSE,0.7756351280906445
829,transfusion,MNAR_log,942484272,PMM,MAE,0.42141384572740387
830,transfusion,MNAR_log,942484272,OT_PMM,RMSE,0.7375040596626493
831,transfusion,MNAR_log,942484272,OT_PMM,MAE,0.39216656840034775
832,transfusion,MNAR_log,952224740,PMM,RMSE,1.0849863636267747
833,transfusion,MNAR_log,952224740,PMM,MAE,0.5568973602843116
834,transfusion,MNAR_log,952224740,OT_PMM,RMSE,0.9165302715986395
835,transfusion,MNAR_log,952224740,OT_PMM,MAE,0.48398714231796375
836,transfusion,MNAR_log,967196436,PMM,RMSE,1.0428061975078284
837,transfusion,MNAR_log,967196436,PMM,MAE,0.5760932979055101
838,transfusion,MNAR_log,967196436,OT_PMM,RMSE,1.0979027154812255
839,transfusion,MNAR_log,967196436,OT_PMM,MAE,0.6104058863996545
840,transfusion,MNAR_quant,1074497555,PMM,RMSE,1.0628477699620051
841,transfusion,MNAR_quant,1074497555,PMM,MAE,0.7724577691604343
842,transfusion,MNAR_quant,1074497555,OT_PMM,RMSE,0.9789644116720013
843,transfusion,MNAR_quant,1074497555,OT_PMM,MAE,0.6769714229264159
844,transfusion,MNAR_quant,1102145672,PMM,RMSE,1.2333285701148775
845,transfusion,MNAR_quant,1102145672,PMM,MAE,0.7774397177752911
846,transfusion,MNAR_quant,1102145672,OT_PMM,RMSE,1.1896004127310342
847,transfusion,MNAR_quant,1102145672,OT_PMM,MAE,0.7866562276791823
848,transfusion,MNAR_quant,1130604997,PMM,RMSE,0.23606958235270392
849,transfusion,MNAR_quant,1130604997,PMM,MAE,0.03985297295963631
850,transfusion,MNAR_quant,1130604997,OT_PMM,RMSE,0.1367950031388089
851,transfusion,MNAR_quant,1130604997,OT_PMM,MAE,0.019926486479818154
852,transfusion,MNAR_quant,1171300112,PMM,RMSE,1.1423197495635706
853,transfusion,MNAR_quant,1171300112,PMM,MAE,0.7385805544655971
854,transfusion,MNAR_quant,1171300112,OT_PMM,RMSE,1.2132145104885068
855,transfusion,MNAR_quant,1171300112,OT_PMM,MAE,0.7447353924194771
856,transfusion,MNAR_quant,1382689815,PMM,RMSE,1.1433820493809608
857,transfusion,MNAR_quant,1382689815,PMM,MAE,0.7026233432613509
858,transfusion,MNAR_quant,1382689815,OT_PMM,RMSE,1.1723212860326153
859,transfusion,MNAR_quant,1382689815,OT_PMM,MAE,0.7459951545737799
860,transfusion,MNAR_quant,1405681631,PMM,RMSE,1.0344816525667726
861,transfusion,MNAR_quant,1405681631,PMM,MAE,0.6443825435924653
862,transfusion,MNAR_quant,1405681631,OT_PMM,RMSE,1.1058387511471839
863,transfusion,MNAR_quant,1405681631,OT_PMM,MAE,0.6965135750590783
864,transfusion,MNAR_quant,1497586438,PMM,RMSE,0.9132068933215736
865,transfusion,MNAR_quant,1497586438,PMM,MAE,0.6179344857013539
866,transfusion,MNAR_quant,1497586438,OT_PMM,RMSE,0.9366320690266138
867,transfusion,MNAR_quant,1497586438,OT_PMM,MAE,0.620512517894588
868,transfusion,MNAR_quant,1540770719,PMM,RMSE,1.4168248422428396
869,transfusion,MNAR_quant,1540770719,PMM,MAE,0.847057283656469
870,transfusion,MNAR_quant,1540770719,OT_PMM,RMSE,1.2707083584842327
871,transfusion,MNAR_quant,1540770719,OT_PMM,MAE,0.7692494159069171
872,transfusion,MNAR_quant,1580016183,PMM,RMSE,1.270424343256438
873,transfusion,MNAR_quant,1580016183,PMM,MAE,0.7621646455192892
874,transfusion,MNAR_quant,1580016183,OT_PMM,RMSE,1.3095335207962309
875,transfusion,MNAR_quant,1580016183,OT_PMM,MAE,0.8151402150508991
876,transfusion,MNAR_quant,1634535062,PMM,RMSE,1.0746460339520565
877,transfusion,MNAR_quant,1634535062,PMM,MAE,0.6780353531717312
878,transfusion,MNAR_quant,1634535062,OT_PMM,RMSE,1.2074991965662478
879,transfusion,MNAR_quant,1634535062,OT_PMM,MAE,0.7143911361836203
880,transfusion,MNAR_quant,1662057957,PMM,RMSE,0.9105781769074688
881,transfusion,MNAR_quant,1662057957,PMM,MAE,0.6074710149575594
882,transfusion,MNAR_quant,1662057957,OT_PMM,RMSE,0.9270002997504037
883,transfusion,MNAR_quant,1662057957,OT_PMM,MAE,0.6292564307281179
884,transfusion,MNAR_quant,1678403330,PMM,RMSE,0.2007416371956418
885,transfusion,MNAR_quant,1678403330,PMM,MAE,0.03073861591505579
886,transfusion,MNAR_quant,1678403330,OT_PMM,RMSE,0.08195243021003779
887,transfusion,MNAR_quant,1678403330,OT_PMM,MAE,0.013063911763898711
888,transfusion,MNAR_quant,1688060240,PMM,RMSE,0.9850075416271629
889,transfusion,MNAR_quant,1688060240,PMM,MAE,0.6774212549968887
890,transfusion,MNAR_quant,1688060240,OT_PMM,RMSE,0.9865893125096925
891,transfusion,MNAR_quant,1688060240,OT_PMM,MAE,0.7036116572328529
892,transfusion,MNAR_quant,1766867109,PMM,RMSE,0.9399021248224128
893,transfusion,MNAR_quant,1766867109,PMM,MAE,0.6288663337515101
894,transfusion,MNAR_quant,1766867109,OT_PMM,RMSE,0.9051021143503308
895,transfusion,MNAR_quant,1766867109,OT_PMM,MAE,0.6231649164010884
896,transfusion,MNAR_quant,1803345590,PMM,RMSE,1.3374528261729732
897,transfusion,MNAR_quant,1803345590,PMM,MAE,0.8253577895784288
898,transfusion,MNAR_quant,1803345590,OT_PMM,RMSE,1.1982972010451043
899,transfusion,MNAR_quant,1803345590,OT_PMM,MAE,0.7555155588954993
900,transfusion,MNAR_quant,1843824992,PMM,RMSE,1.2686786074779415
901,transfusion,MNAR_quant,1843824992,PMM,MAE,0.7867667127435445
902,transfusion,MNAR_quant,1843824992,OT_PMM,RMSE,1.3155859539475359
903,transfusion,MNAR_quant,1843824992,OT_PMM,MAE,0.8078565129362233
904,transfusion,MNAR_quant,184566854,PMM,RMSE,0.1908270878338427
905,transfusion,MNAR_quant,184566854,PMM,MAE,0.03427355674528722
906,transfusion,MNAR_quant,184566854,OT_PMM,RMSE,0.07134609775743753
907,transfusion,MNAR_quant,184566854,OT_PMM,MAE,0.012947788103775169
908,transfusion,MNAR_quant,191664963,PMM,RMSE,0.9303597156587148
909,transfusion,MNAR_quant,191664963,PMM,MAE,0.6403831967993618
910,transfusion,MNAR_quant,191664963,OT_PMM,RMSE,0.976434941191133
911,transfusion,MNAR_quant,191664963,OT_PMM,MAE,0.6627742176664725
912,transfusion,MNAR_quant,1990212658,PMM,RMSE,0.1741479755779152
913,transfusion,MNAR_quant,1990212658,PMM,MAE,0.024824305119250087
914,transfusion,MNAR_quant,1990212658,OT_PMM,RMSE,0.10477732025998646
915,transfusion,MNAR_quant,1990212658,OT_PMM,MAE,0.012812544577677467
916,transfusion,MNAR_quant,202244314,PMM,RMSE,1.285283867222887
917,transfusion,MNAR_quant,202244314,PMM,MAE,0.7803581947981834
918,transfusion,MNAR_quant,202244314,OT_PMM,RMSE,1.294858530061471
919,transfusion,MNAR_quant,202244314,OT_PMM,MAE,0.7480117411277925
920,transfusion,MNAR_quant,2095133045,PMM,RMSE,0.9825122910613702
921,transfusion,MNAR_quant,2095133045,PMM,MAE,0.6686410122812658
922,transfusion,MNAR_quant,2095133045,OT_PMM,RMSE,0.9769643918814789
923,transfusion,MNAR_quant,2095133045,OT_PMM,MAE,0.6569942099542649
924,transfusion,MNAR_quant,275121930,PMM,RMSE,0.5166212071152093
925,transfusion,MNAR_quant,275121930,PMM,MAE,0.08767654051119984
926,transfusion,MNAR_quant,275121930,OT_PMM,RMSE,0.19591293463840967
927,transfusion,MNAR_quant,275121930,OT_PMM,MAE,0.029491199990130845
928,transfusion,MNAR_quant,392022359,PMM,RMSE,0.14633310355970028
929,transfusion,MNAR_quant,392022359,PMM,MAE,0.027847264855545874
930,transfusion,MNAR_quant,392022359,OT_PMM,RMSE,0.13411650474802764
931,transfusion,MNAR_quant,392022359,OT_PMM,MAE,0.022135005397998
932,transfusion,MNAR_quant,432652533,PMM,RMSE,0.9435555728221298
933,transfusion,MNAR_quant,432652533,PMM,MAE,0.6203758446702066
934,transfusion,MNAR_quant,432652533,OT_PMM,RMSE,0.9510675821036884
935,transfusion,MNAR_quant,432652533,OT_PMM,MAE,0.6693772154116683
936,transfusion,MNAR_quant,796282693,PMM,RMSE,0.2898655091316291
937,transfusion,MNAR_quant,796282693,PMM,MAE,0.0460154234080245
938,transfusion,MNAR_quant,796282693,OT_PMM,RMSE,0.1488662014190686
939,transfusion,MNAR_quant,796282693,OT_PMM,MAE,0.021420972965804513
940,transfusion,MNAR_quant,864178266,PMM,RMSE,0.1657598963086297
941,transfusion,MNAR_quant,864178266,PMM,MAE,0.020593553409185457
942,transfusion,MNAR_quant,864178266,OT_PMM,RMSE,0.07011057406100436
943,transfusion,MNAR_quant,864178266,OT_PMM,MAE,0.00956129265426468
944,transfusion,MNAR_quant,929893137,PMM,RMSE,0.07097773854764464
945,transfusion,MNAR_quant,929893137,PMM,MAE,0.01075530023387674
946,transfusion,MNAR_quant,929893137,OT_PMM,RMSE,0.05652191968560447
947,transfusion,MNAR_quant,929893137,OT_PMM,MAE,0.007170200155917831
948,transfusion,MNAR_quant,942484272,PMM,RMSE,1.0330963377452518
949,transfusion,MNAR_quant,942484272,PMM,MAE,0.7087767141861542
950,transfusion,MNAR_quant,942484272,OT_PMM,RMSE,1.0523402107481994
951,transfusion,MNAR_quant,942484272,OT_PMM,MAE,0.7318564431342989
952,transfusion,MNAR_quant,952224740,PMM,RMSE,1.131610479146028
953,transfusion,MNAR_quant,952224740,PMM,MAE,0.723385240763518
954,transfusion,MNAR_quant,952224740,OT_PMM,RMSE,1.0575357608659768
955,transfusion,MNAR_quant,952224740,OT_PMM,MAE,0.6798531423223256
956,transfusion,MNAR_quant,967196436,PMM,RMSE,0.12292253312494315
957,transfusion,MNAR_quant,967196436,PMM,MAE,0.021332089260552203
958,transfusion,MNAR_quant,967196436,OT_PMM,RMSE,0.08036345386601906
959,transfusion,MNAR_quant,967196436,OT_PMM,MAE,0.016354601766423362
960,breast_cancer,MCAR,1074497555,PMM,RMSE,0.5906274938927646
961,breast_cancer,MCAR,1074497555,PMM,MAE,0.3478793713446011
962,breast_cancer,MCAR,1074497555,OT_PMM,RMSE,0.5331044715026229
963,breast_cancer,MCAR,1074497555,OT_PMM,MAE,0.3210600762839949
964,breast_cancer,MCAR,1102145672,PMM,RMSE,0.538772702984894
965,breast_cancer,MCAR,1102145672,PMM,MAE,0.3257564024653925
966,breast_cancer,MCAR,1102145672,OT_PMM,RMSE,0.5247142736158326
967,breast_cancer,MCAR,1102145672,OT_PMM,MAE,0.3110709686602733
968,breast_cancer,MCAR,1130604997,PMM,RMSE,0.5644660406043047
969,breast_cancer,MCAR,1130604997,PMM,MAE,0.33704028524506774
970,breast_cancer,MCAR,1130604997,OT_PMM,RMSE,0.5497605994733494
971,breast_cancer,MCAR,1130604997,OT_PMM,MAE,0.33542564238628825
972,breast_cancer,MCAR,1171300112,PMM,RMSE,0.5366847447117719
973,breast_cancer,MCAR,1171300112,PMM,MAE,0.3277630955951292
974,breast_cancer,MCAR,1171300112,OT_PMM,RMSE,0.5209866895585036
975,breast_cancer,MCAR,1171300112,OT_PMM,MAE,0.3178896590580811
976,breast_cancer,MCAR,1382689815,PMM,RMSE,0.5425322116308375
977,breast_cancer,MCAR,1382689815,PMM,MAE,0.33502329205934245
978,breast_cancer,MCAR,1382689815,OT_PMM,RMSE,0.517572349529373
979,breast_cancer,MCAR,1382689815,OT_PMM,MAE,0.31765737280910594
980,breast_cancer,MCAR,1405681631,PMM,RMSE,0.5442668391843213
981,breast_cancer,MCAR,1405681631,PMM,MAE,0.33432325476438773
982,breast_cancer,MCAR,1405681631,OT_PMM,RMSE,0.5820821618678108
983,breast_cancer,MCAR,1405681631,OT_PMM,MAE,0.3359777665506341
984,breast_cancer,MCAR,1497586438,PMM,RMSE,0.5651714081074183
985,breast_cancer,MCAR,1497586438,PMM,MAE,0.3387306886673191
986,breast_cancer,MCAR,1497586438,OT_PMM,RMSE,0.4938624179468141
987,breast_cancer,MCAR,1497586438,OT_PMM,MAE,0.30525167799078357
988,breast_cancer,MCAR,1540770719,PMM,RMSE,0.5441349979302551
989,breast_cancer,MCAR,1540770719,PMM,MAE,0.33100157748229514
990,breast_cancer,MCAR,1540770719,OT_PMM,RMSE,0.5507080200710615
991,breast_cancer,MCAR,1540770719,OT_PMM,MAE,0.3288307103182487
992,breast_cancer,MCAR,1580016183,PMM,RMSE,0.5768123900520888
993,breast_cancer,MCAR,1580016183,PMM,MAE,0.3435429161601801
994,breast_cancer,MCAR,1580016183,OT_PMM,RMSE,0.546414050649719
995,breast_cancer,MCAR,1580016183,OT_PMM,MAE,0.325125548590808
996,breast_cancer,MCAR,1634535062,PMM,RMSE,0.5306424609773922
997,breast_cancer,MCAR,1634535062,PMM,MAE,0.32593741271824506
998,breast_cancer,MCAR,1634535062,OT_PMM,RMSE,0.5150181097738479
999,breast_cancer,MCAR,1634535062,OT_PMM,MAE,0.32014036188182565
1000,breast_cancer,MCAR,1662057957,PMM,RMSE,0.5430536101443771
1001,breast_cancer,MCAR,1662057957,PMM,MAE,0.3322790433889148
1002,breast_cancer,MCAR,1662057957,OT_PMM,RMSE,0.5115527649324446
1003,breast_cancer,MCAR,1662057957,OT_PMM,MAE,0.31035482553289584
1004,breast_cancer,MCAR,1678403330,PMM,RMSE,0.534353653578222
1005,breast_cancer,MCAR,1678403330,PMM,MAE,0.3239003847747264
1006,breast_cancer,MCAR,1678403330,OT_PMM,RMSE,0.5135400301448616
1007,breast_cancer,MCAR,1678403330,OT_PMM,MAE,0.3155896979058942
1008,breast_cancer,MCAR,1688060240,PMM,RMSE,0.521288412082898
1009,breast_cancer,MCAR,1688060240,PMM,MAE,0.31783201185876236
1010,breast_cancer,MCAR,1688060240,OT_PMM,RMSE,0.518620332522154
1011,breast_cancer,MCAR,1688060240,OT_PMM,MAE,0.31270526779111596
1012,breast_cancer,MCAR,1766867109,PMM,RMSE,0.5542084907234215
1013,breast_cancer,MCAR,1766867109,PMM,MAE,0.33371208053256196
1014,breast_cancer,MCAR,1766867109,OT_PMM,RMSE,0.526279614400647
1015,breast_cancer,MCAR,1766867109,OT_PMM,MAE,0.3262711451350928
1016,breast_cancer,MCAR,1803345590,PMM,RMSE,0.5352735501918701
1017,breast_cancer,MCAR,1803345590,PMM,MAE,0.326169196883011
1018,breast_cancer,MCAR,1803345590,OT_PMM,RMSE,0.5248128088351122
1019,breast_cancer,MCAR,1803345590,OT_PMM,MAE,0.3184087698662943
1020,breast_cancer,MCAR,1843824992,PMM,RMSE,0.56471162896171
1021,breast_cancer,MCAR,1843824992,PMM,MAE,0.33199816425235895
1022,breast_cancer,MCAR,1843824992,OT_PMM,RMSE,0.5249310495626947
1023,breast_cancer,MCAR,1843824992,OT_PMM,MAE,0.31304519290691113
1024,breast_cancer,MCAR,184566854,PMM,RMSE,0.6005341776862083
1025,breast_cancer,MCAR,184566854,PMM,MAE,0.334293105137215
1026,breast_cancer,MCAR,184566854,OT_PMM,RMSE,0.5736807716293498
1027,breast_cancer,MCAR,184566854,OT_PMM,MAE,0.3209323584117007
1028,breast_cancer,MCAR,191664963,PMM,RMSE,0.5333227778426403
1029,breast_cancer,MCAR,191664963,PMM,MAE,0.32488118141370625
1030,breast_cancer,MCAR,191664963,OT_PMM,RMSE,0.5339050302802985
1031,breast_cancer,MCAR,191664963,OT_PMM,MAE,0.3212126446991932
1032,breast_cancer,MCAR,1990212658,PMM,RMSE,0.5388874622811978
1033,breast_cancer,MCAR,1990212658,PMM,MAE,0.32559582654170777
1034,breast_cancer,MCAR,1990212658,OT_PMM,RMSE,0.5285045994492648
1035,breast_cancer,MCAR,1990212658,OT_PMM,MAE,0.32107820940705584
1036,breast_cancer,MCAR,202244314,PMM,RMSE,0.5420525312455243
1037,breast_cancer,MCAR,202244314,PMM,MAE,0.33794941488343033
1038,breast_cancer,MCAR,202244314,OT_PMM,RMSE,0.524036676237908
1039,breast_cancer,MCAR,202244314,OT_PMM,MAE,0.3159301755285891
1040,breast_cancer,MCAR,2095133045,PMM,RMSE,0.5517802951836902
1041,breast_cancer,MCAR,2095133045,PMM,MAE,0.32999993246661435
1042,breast_cancer,MCAR,2095133045,OT_PMM,RMSE,0.5258080702059348
1043,breast_cancer,MCAR,2095133045,OT_PMM,MAE,0.31389927496384573
1044,breast_cancer,MCAR,275121930,PMM,RMSE,0.5395329298506321
1045,breast_cancer,MCAR,275121930,PMM,MAE,0.32521220935070105
1046,breast_cancer,MCAR,275121930,OT_PMM,RMSE,0.5249093905012244
1047,breast_cancer,MCAR,275121930,OT_PMM,MAE,0.3158241240295908
1048,breast_cancer,MCAR,392022359,PMM,RMSE,0.5240171025468132
1049,breast_cancer,MCAR,392022359,PMM,MAE,0.32494252004867585
1050,breast_cancer,MCAR,392022359,OT_PMM,RMSE,0.5040894872020042
1051,breast_cancer,MCAR,392022359,OT_PMM,MAE,0.30605597216360175
1052,breast_cancer,MCAR,432652533,PMM,RMSE,0.5551101103606624
1053,breast_cancer,MCAR,432652533,PMM,MAE,0.33349297019612323
1054,breast_cancer,MCAR,432652533,OT_PMM,RMSE,0.5478559388875581
1055,breast_cancer,MCAR,432652533,OT_PMM,MAE,0.3274406129022658
1056,breast_cancer,MCAR,796282693,PMM,RMSE,0.5723637474076168
1057,breast_cancer,MCAR,796282693,PMM,MAE,0.3402198789058149
1058,breast_cancer,MCAR,796282693,OT_PMM,RMSE,0.5597851665120412
1059,breast_cancer,MCAR,796282693,OT_PMM,MAE,0.3281026286369342
1060,breast_cancer,MCAR,864178266,PMM,RMSE,0.5376009550345628
1061,breast_cancer,MCAR,864178266,PMM,MAE,0.32887241118867777
1062,breast_cancer,MCAR,864178266,OT_PMM,RMSE,0.5393861097231213
1063,breast_cancer,MCAR,864178266,OT_PMM,MAE,0.3157431618062084
1064,breast_cancer,MCAR,929893137,PMM,RMSE,0.539135985219594
1065,breast_cancer,MCAR,929893137,PMM,MAE,0.33237602919533493
1066,breast_cancer,MCAR,929893137,OT_PMM,RMSE,0.5212877588875718
1067,breast_cancer,MCAR,929893137,OT_PMM,MAE,0.32176859402873986
1068,breast_cancer,MCAR,942484272,PMM,RMSE,0.5441841564491338
1069,breast_cancer,MCAR,942484272,PMM,MAE,0.33661872708701435
1070,breast_cancer,MCAR,942484272,OT_PMM,RMSE,0.5404632052255092
1071,breast_cancer,MCAR,942484272,OT_PMM,MAE,0.32958072269415234
1072,breast_cancer,MCAR,952224740,PMM,RMSE,0.552624062658535
1073,breast_cancer,MCAR,952224740,PMM,MAE,0.33488300069362803
1074,breast_cancer,MCAR,952224740,OT_PMM,RMSE,0.5324685449369674
1075,breast_cancer,MCAR,952224740,OT_PMM,MAE,0.32105259571884764
1076,breast_cancer,MCAR,967196436,PMM,RMSE,0.526378199640865
1077,breast_cancer,MCAR,967196436,PMM,MAE,0.3261342299255098
1078,breast_cancer,MCAR,967196436,OT_PMM,RMSE,0.5258366949563752
1079,breast_cancer,MCAR,967196436,OT_PMM,MAE,0.31614505111181934
1080,breast_cancer,MAR,1074497555,PMM,RMSE,0.5092478346817763
1081,breast_cancer,MAR,1074497555,PMM,MAE,0.3094908383974506
1082,breast_cancer,MAR,1074497555,OT_PMM,RMSE,0.4843518250893406
1083,breast_cancer,MAR,1074497555,OT_PMM,MAE,0.29650561752242705
1084,breast_cancer,MAR,1102145672,PMM,RMSE,0.41148349664695005
1085,breast_cancer,MAR,1102145672,PMM,MAE,0.24948525000140945
1086,breast_cancer,MAR,1102145672,OT_PMM,RMSE,0.3945688215086293
1087,breast_cancer,MAR,1102145672,OT_PMM,MAE,0.2383530484660565
1088,breast_cancer,MAR,1130604997,PMM,RMSE,0.47974481334114355
1089,breast_cancer,MAR,1130604997,PMM,MAE,0.2867848217284754
1090,breast_cancer,MAR,1130604997,OT_PMM,RMSE,0.4942204117049957
1091,breast_cancer,MAR,1130604997,OT_PMM,MAE,0.2817751753003405
1092,breast_cancer,MAR,1171300112,PMM,RMSE,0.4985858484692238
1093,breast_cancer,MAR,1171300112,PMM,MAE,0.2946613274796337
1094,breast_cancer,MAR,1171300112,OT_PMM,RMSE,0.48313509698565965
1095,breast_cancer,MAR,1171300112,OT_PMM,MAE,0.27698326249981803
1096,breast_cancer,MAR,1382689815,PMM,RMSE,0.5486154343015872
1097,breast_cancer,MAR,1382689815,PMM,MAE,0.3104754640201669
1098,breast_cancer,MAR,1382689815,OT_PMM,RMSE,0.5324918517329124
1099,breast_cancer,MAR,1382689815,OT_PMM,MAE,0.3004953731307829
1100,breast_cancer,MAR,1405681631,PMM,RMSE,0.5178981510849909
1101,breast_cancer,MAR,1405681631,PMM,MAE,0.3020584174856198
1102,breast_cancer,MAR,1405681631,OT_PMM,RMSE,0.51284582834172
1103,breast_cancer,MAR,1405681631,OT_PMM,MAE,0.2889838436675411
1104,breast_cancer,MAR,1497586438,PMM,RMSE,0.5126225001451151
1105,breast_cancer,MAR,1497586438,PMM,MAE,0.32066657731609627
1106,breast_cancer,MAR,1497586438,OT_PMM,RMSE,0.509282266493983
1107,breast_cancer,MAR,1497586438,OT_PMM,MAE,0.31279872657291685
1108,breast_cancer,MAR,1540770719,PMM,RMSE,0.4928299311882745
1109,breast_cancer,MAR,1540770719,PMM,MAE,0.29497352774746344
1110,breast_cancer,MAR,1540770719,OT_PMM,RMSE,0.4940474809716035
1111,breast_cancer,MAR,1540770719,OT_PMM,MAE,0.2854718397528763
1112,breast_cancer,MAR,1580016183,PMM,RMSE,0.4995091084278706
1113,breast_cancer,MAR,1580016183,PMM,MAE,0.2686347098896472
1114,breast_cancer,MAR,1580016183,OT_PMM,RMSE,0.4755443106424065
1115,breast_cancer,MAR,1580016183,OT_PMM,MAE,0.25167805207659144
1116,breast_cancer,MAR,1634535062,PMM,RMSE,0.4924673093645728
1117,breast_cancer,MAR,1634535062,PMM,MAE,0.2909722132240998
1118,breast_cancer,MAR,1634535062,OT_PMM,RMSE,0.5008155901813607
1119,breast_cancer,MAR,1634535062,OT_PMM,MAE,0.2836968474364114
1120,breast_cancer,MAR,1662057957,PMM,RMSE,0.4871561228042024
1121,breast_cancer,MAR,1662057957,PMM,MAE,0.2754945346532155
1122,breast_cancer,MAR,1662057957,OT_PMM,RMSE,0.4588810427472374
1123,breast_cancer,MAR,1662057957,OT_PMM,MAE,0.260191187569193
1124,breast_cancer,MAR,1678403330,PMM,RMSE,0.5600048577053052
1125,breast_cancer,MAR,1678403330,PMM,MAE,0.33711791344007275
1126,breast_cancer,MAR,1678403330,OT_PMM,RMSE,0.5695551633527076
1127,breast_cancer,MAR,1678403330,OT_PMM,MAE,0.3236607628545072
1128,breast_cancer,MAR,1688060240,PMM,RMSE,0.527082367827373
1129,breast_cancer,MAR,1688060240,PMM,MAE,0.3244659930406947
1130,breast_cancer,MAR,1688060240,OT_PMM,RMSE,0.5258849522974052
1131,breast_cancer,MAR,1688060240,OT_PMM,MAE,0.3208409041082883
1132,breast_cancer,MAR,1766867109,PMM,RMSE,0.5692362099874467
1133,breast_cancer,MAR,1766867109,PMM,MAE,0.29117406613284164
1134,breast_cancer,MAR,1766867109,OT_PMM,RMSE,0.5324637033320537
1135,breast_cancer,MAR,1766867109,OT_PMM,MAE,0.2729836218320954
1136,breast_cancer,MAR,1803345590,PMM,RMSE,0.5850155815648657
1137,breast_cancer,MAR,1803345590,PMM,MAE,0.3337033802938602
1138,breast_cancer,MAR,1803345590,OT_PMM,RMSE,0.544154019822442
1139,breast_cancer,MAR,1803345590,OT_PMM,MAE,0.3191798332933157
1140,breast_cancer,MAR,1843824992,PMM,RMSE,0.526461989953255
1141,breast_cancer,MAR,1843824992,PMM,MAE,0.3027136287866979
1142,breast_cancer,MAR,1843824992,OT_PMM,RMSE,0.5237196918288047
1143,breast_cancer,MAR,1843824992,OT_PMM,MAE,0.30069681885203603
1144,breast_cancer,MAR,184566854,PMM,RMSE,0.545628527515516
1145,breast_cancer,MAR,184566854,PMM,MAE,0.3219061064653457
1146,breast_cancer,MAR,184566854,OT_PMM,RMSE,0.5366933404019358
1147,breast_cancer,MAR,184566854,OT_PMM,MAE,0.3048889575764012
1148,breast_cancer,MAR,191664963,PMM,RMSE,0.5549750942787552
1149,breast_cancer,MAR,191664963,PMM,MAE,0.31515636820803883
1150,breast_cancer,MAR,191664963,OT_PMM,RMSE,0.5272389968560424
1151,breast_cancer,MAR,191664963,OT_PMM,MAE,0.2938898695636659
1152,breast_cancer,MAR,1990212658,PMM,RMSE,0.5156605693286703
1153,breast_cancer,MAR,1990212658,PMM,MAE,0.302016366550425
1154,breast_cancer,MAR,1990212658,OT_PMM,RMSE,0.5277629549400887
1155,breast_cancer,MAR,1990212658,OT_PMM,MAE,0.28775280729127384
1156,breast_cancer,MAR,202244314,PMM,RMSE,0.46457700355602305
1157,breast_cancer,MAR,202244314,PMM,MAE,0.26901238978156017
1158,breast_cancer,MAR,202244314,OT_PMM,RMSE,0.4264523062179985
1159,breast_cancer,MAR,202244314,OT_PMM,MAE,0.2504217884435839
1160,breast_cancer,MAR,2095133045,PMM,RMSE,0.5632940202050404
1161,breast_cancer,MAR,2095133045,PMM,MAE,0.3126168740968057
1162,breast_cancer,MAR,2095133045,OT_PMM,RMSE,0.5278377793038752
1163,breast_cancer,MAR,2095133045,OT_PMM,MAE,0.28446466698266504
1164,breast_cancer,MAR,275121930,PMM,RMSE,0.614052054911401
1165,breast_cancer,MAR,275121930,PMM,MAE,0.3642523759576789
1166,breast_cancer,MAR,275121930,OT_PMM,RMSE,0.5575882440377771
1167,breast_cancer,MAR,275121930,OT_PMM,MAE,0.33183675080943614
1168,breast_cancer,MAR,392022359,PMM,RMSE,0.48382165231339747
1169,breast_cancer,MAR,392022359,PMM,MAE,0.30059683231195294
1170,breast_cancer,MAR,392022359,OT_PMM,RMSE,0.48075931656259335
1171,breast_cancer,MAR,392022359,OT_PMM,MAE,0.29168750498961915
1172,breast_cancer,MAR,432652533,PMM,RMSE,0.5052687036401956
1173,breast_cancer,MAR,432652533,PMM,MAE,0.28750219520248793
1174,breast_cancer,MAR,432652533,OT_PMM,RMSE,0.480170649987602
1175,breast_cancer,MAR,432652533,OT_PMM,MAE,0.2704292569578373
1176,breast_cancer,MAR,796282693,PMM,RMSE,0.566484213758858
1177,breast_cancer,MAR,796282693,PMM,MAE,0.30500862220015823
1178,breast_cancer,MAR,796282693,OT_PMM,RMSE,0.5518479945773591
1179,breast_cancer,MAR,796282693,OT_PMM,MAE,0.28292052846081417
1180,breast_cancer,MAR,864178266,PMM,RMSE,0.5005063176489722
1181,breast_cancer,MAR,864178266,PMM,MAE,0.27312693927543796
1182,breast_cancer,MAR,864178266,OT_PMM,RMSE,0.4847394288310372
1183,breast_cancer,MAR,864178266,OT_PMM,MAE,0.25403216226776665
1184,breast_cancer,MAR,929893137,PMM,RMSE,0.5160364457500884
1185,breast_cancer,MAR,929893137,PMM,MAE,0.2888959594812936
1186,breast_cancer,MAR,929893137,OT_PMM,RMSE,0.45988986885052785
1187,breast_cancer,MAR,929893137,OT_PMM,MAE,0.26806730862744643
1188,breast_cancer,MAR,942484272,PMM,RMSE,0.5854065514525366
1189,breast_cancer,MAR,942484272,PMM,MAE,0.3018068147997484
1190,breast_cancer,MAR,942484272,OT_PMM,RMSE,0.6203773416239035
1191,breast_cancer,MAR,942484272,OT_PMM,MAE,0.3062688212034971
1192,breast_cancer,MAR,952224740,PMM,RMSE,0.5156297946424666
1193,breast_cancer,MAR,952224740,PMM,MAE,0.3227537008937493
1194,breast_cancer,MAR,952224740,OT_PMM,RMSE,0.4949224859521686
1195,breast_cancer,MAR,952224740,OT_PMM,MAE,0.29930943350309497
1196,breast_cancer,MAR,967196436,PMM,RMSE,0.6440905107575431
1197,breast_cancer,MAR,967196436,PMM,MAE,0.36257286432646874
1198,breast_cancer,MAR,967196436,OT_PMM,RMSE,0.5692044907135503
1199,breast_cancer,MAR,967196436,OT_PMM,MAE,0.3250752603689788
1200,breast_cancer,MNAR_log,1074497555,PMM,RMSE,0.5895425125961763
1201,breast_cancer,MNAR_log,1074497555,PMM,MAE,0.36134767750587954
1202,breast_cancer,MNAR_log,1074497555,OT_PMM,RMSE,0.5566037656312383
1203,breast_cancer,MNAR_log,1074497555,OT_PMM,MAE,0.3404323352557998
1204,breast_cancer,MNAR_log,1102145672,PMM,RMSE,0.5032904946874655
1205,breast_cancer,MNAR_log,1102145672,PMM,MAE,0.30814200716162166
1206,breast_cancer,MNAR_log,1102145672,OT_PMM,RMSE,0.5120967169467967
1207,breast_cancer,MNAR_log,1102145672,OT_PMM,MAE,0.31483353351025223
1208,breast_cancer,MNAR_log,1130604997,PMM,RMSE,0.5982535265752326
1209,breast_cancer,MNAR_log,1130604997,PMM,MAE,0.34553735618462056
1210,breast_cancer,MNAR_log,1130604997,OT_PMM,RMSE,0.5481710029303378
1211,breast_cancer,MNAR_log,1130604997,OT_PMM,MAE,0.32331963539599745
1212,breast_cancer,MNAR_log,1171300112,PMM,RMSE,0.6824020842921975
1213,breast_cancer,MNAR_log,1171300112,PMM,MAE,0.4078614624440663
1214,breast_cancer,MNAR_log,1171300112,OT_PMM,RMSE,0.6618356404458032
1215,breast_cancer,MNAR_log,1171300112,OT_PMM,MAE,0.3894536887022532
1216,breast_cancer,MNAR_log,1382689815,PMM,RMSE,0.6324875883607052
1217,breast_cancer,MNAR_log,1382689815,PMM,MAE,0.3659597377181352
1218,breast_cancer,MNAR_log,1382689815,OT_PMM,RMSE,0.5882009367126219
1219,breast_cancer,MNAR_log,1382689815,OT_PMM,MAE,0.34461533098881403
1220,breast_cancer,MNAR_log,1405681631,PMM,RMSE,0.5693432853473358
1221,breast_cancer,MNAR_log,1405681631,PMM,MAE,0.3504575081454006
1222,breast_cancer,MNAR_log,1405681631,OT_PMM,RMSE,0.5308586270991128
1223,breast_cancer,MNAR_log,1405681631,OT_PMM,MAE,0.3261610405954307
1224,breast_cancer,MNAR_log,1497586438,PMM,RMSE,0.541027446002017
1225,breast_cancer,MNAR_log,1497586438,PMM,MAE,0.3302199802072787
1226,breast_cancer,MNAR_log,1497586438,OT_PMM,RMSE,0.5293773963612765
1227,breast_cancer,MNAR_log,1497586438,OT_PMM,MAE,0.31566229866203
1228,breast_cancer,MNAR_log,1540770719,PMM,RMSE,0.5613464836687295
1229,breast_cancer,MNAR_log,1540770719,PMM,MAE,0.3359688928342031
1230,breast_cancer,MNAR_log,1540770719,OT_PMM,RMSE,0.5340250599624266
1231,breast_cancer,MNAR_log,1540770719,OT_PMM,MAE,0.3123151846532102
1232,breast_cancer,MNAR_log,1580016183,PMM,RMSE,0.6476779146473578
1233,breast_cancer,MNAR_log,1580016183,PMM,MAE,0.36273902366358846
1234,breast_cancer,MNAR_log,1580016183,OT_PMM,RMSE,0.621163344631595
1235,breast_cancer,MNAR_log,1580016183,OT_PMM,MAE,0.34489321812500245
1236,breast_cancer,MNAR_log,1634535062,PMM,RMSE,0.609170643339758
1237,breast_cancer,MNAR_log,1634535062,PMM,MAE,0.3698173133700548
1238,breast_cancer,MNAR_log,1634535062,OT_PMM,RMSE,0.6112505850092153
1239,breast_cancer,MNAR_log,1634535062,OT_PMM,MAE,0.3650328160885306
1240,breast_cancer,MNAR_log,1662057957,PMM,RMSE,0.5426792325626256
1241,breast_cancer,MNAR_log,1662057957,PMM,MAE,0.3340449528881783
1242,breast_cancer,MNAR_log,1662057957,OT_PMM,RMSE,0.5209216806305551
1243,breast_cancer,MNAR_log,1662057957,OT_PMM,MAE,0.3186578341618725
1244,breast_cancer,MNAR_log,1678403330,PMM,RMSE,0.5117652799151108
1245,breast_cancer,MNAR_log,1678403330,PMM,MAE,0.32257507273974995
1246,breast_cancer,MNAR_log,1678403330,OT_PMM,RMSE,0.5045656107764614
1247,breast_cancer,MNAR_log,1678403330,OT_PMM,MAE,0.31243918005014737
1248,breast_cancer,MNAR_log,1688060240,PMM,RMSE,0.7147052022628786
1249,breast_cancer,MNAR_log,1688060240,PMM,MAE,0.4271170883137514
1250,breast_cancer,MNAR_log,1688060240,OT_PMM,RMSE,0.702720545140141
1251,breast_cancer,MNAR_log,1688060240,OT_PMM,MAE,0.40443364443495927
1252,breast_cancer,MNAR_log,1766867109,PMM,RMSE,0.577873805497485
1253,breast_cancer,MNAR_log,1766867109,PMM,MAE,0.3384686695633496
1254,breast_cancer,MNAR_log,1766867109,OT_PMM,RMSE,0.5147471896935111
1255,breast_cancer,MNAR_log,1766867109,OT_PMM,MAE,0.31085507773200854
1256,breast_cancer,MNAR_log,1803345590,PMM,RMSE,0.5808742572850134
1257,breast_cancer,MNAR_log,1803345590,PMM,MAE,0.34330106912801855
1258,breast_cancer,MNAR_log,1803345590,OT_PMM,RMSE,0.5399318832317911
1259,breast_cancer,MNAR_log,1803345590,OT_PMM,MAE,0.3289642287439651
1260,breast_cancer,MNAR_log,1843824992,PMM,RMSE,0.49690995267371235
1261,breast_cancer,MNAR_log,1843824992,PMM,MAE,0.3178495985654133
1262,breast_cancer,MNAR_log,1843824992,OT_PMM,RMSE,0.4814860396510243
1263,breast_cancer,MNAR_log,1843824992,OT_PMM,MAE,0.30420791795925645
1264,breast_cancer,MNAR_log,184566854,PMM,RMSE,0.4909597627424074
1265,breast_cancer,MNAR_log,184566854,PMM,MAE,0.30828393492482964
1266,breast_cancer,MNAR_log,184566854,OT_PMM,RMSE,0.46525434451465875
1267,breast_cancer,MNAR_log,184566854,OT_PMM,MAE,0.28992636814303857
1268,breast_cancer,MNAR_log,191664963,PMM,RMSE,0.5134825575883732
1269,breast_cancer,MNAR_log,191664963,PMM,MAE,0.31006632880043045
1270,breast_cancer,MNAR_log,191664963,OT_PMM,RMSE,0.49433359135051663
1271,breast_cancer,MNAR_log,191664963,OT_PMM,MAE,0.30252588056130486
1272,breast_cancer,MNAR_log,1990212658,PMM,RMSE,0.6575377118143478
1273,breast_cancer,MNAR_log,1990212658,PMM,MAE,0.40324860931599293
1274,breast_cancer,MNAR_log,1990212658,OT_PMM,RMSE,0.603242211231432
1275,breast_cancer,MNAR_log,1990212658,OT_PMM,MAE,0.3723130340723987
1276,breast_cancer,MNAR_log,202244314,PMM,RMSE,0.523768078821701
1277,breast_cancer,MNAR_log,202244314,PMM,MAE,0.32715510767967565
1278,breast_cancer,MNAR_log,202244314,OT_PMM,RMSE,0.5134780314697859
1279,breast_cancer,MNAR_log,202244314,OT_PMM,MAE,0.31675894387764236
1280,breast_cancer,MNAR_log,2095133045,PMM,RMSE,0.7148811045672695
1281,breast_cancer,MNAR_log,2095133045,PMM,MAE,0.41243387100116985
1282,breast_cancer,MNAR_log,2095133045,OT_PMM,RMSE,0.6984514202281722
1283,breast_cancer,MNAR_log,2095133045,OT_PMM,MAE,0.4066114026220489
1284,breast_cancer,MNAR_log,275121930,PMM,RMSE,0.5407740943508651
1285,breast_cancer,MNAR_log,275121930,PMM,MAE,0.33455215277651956
1286,breast_cancer,MNAR_log,275121930,OT_PMM,RMSE,0.49539783963329903
1287,breast_cancer,MNAR_log,275121930,OT_PMM,MAE,0.3120406540809628
1288,breast_cancer,MNAR_log,392022359,PMM,RMSE,0.7712792884376409
1289,breast_cancer,MNAR_log,392022359,PMM,MAE,0.43169860796147924
1290,breast_cancer,MNAR_log,392022359,OT_PMM,RMSE,0.7475949948061253
1291,breast_cancer,MNAR_log,392022359,OT_PMM,MAE,0.41823674784150167
1292,breast_cancer,MNAR_log,432652533,PMM,RMSE,0.4795158685935789
1293,breast_cancer,MNAR_log,432652533,PMM,MAE,0.30877054677428245
1294,breast_cancer,MNAR_log,432652533,OT_PMM,RMSE,0.47675021509259535
1295,breast_cancer,MNAR_log,432652533,OT_PMM,MAE,0.2973711900918411
1296,breast_cancer,MNAR_log,796282693,PMM,RMSE,0.4879539132661908
1297,breast_cancer,MNAR_log,796282693,PMM,MAE,0.3059986486870023
1298,breast_cancer,MNAR_log,796282693,OT_PMM,RMSE,0.48445244217640804
1299,breast_cancer,MNAR_log,796282693,OT_PMM,MAE,0.3014112656287974
1300,breast_cancer,MNAR_log,864178266,PMM,RMSE,0.65696223156198
1301,breast_cancer,MNAR_log,864178266,PMM,MAE,0.39636762465930875
1302,breast_cancer,MNAR_log,864178266,OT_PMM,RMSE,0.6516142474831885
1303,breast_cancer,MNAR_log,864178266,OT_PMM,MAE,0.39012478718910504
1304,breast_cancer,MNAR_log,929893137,PMM,RMSE,0.6176788682073295
1305,breast_cancer,MNAR_log,929893137,PMM,MAE,0.37678905898970977
1306,breast_cancer,MNAR_log,929893137,OT_PMM,RMSE,0.6090349907143868
1307,breast_cancer,MNAR_log,929893137,OT_PMM,MAE,0.36614393911677695
1308,breast_cancer,MNAR_log,942484272,PMM,RMSE,0.7263822460133386
1309,breast_cancer,MNAR_log,942484272,PMM,MAE,0.42231203996119443
1310,breast_cancer,MNAR_log,942484272,OT_PMM,RMSE,0.6745188644712283
1311,breast_cancer,MNAR_log,942484272,OT_PMM,MAE,0.3889612140910946
1312,breast_cancer,MNAR_log,952224740,PMM,RMSE,0.6841020783397039
1313,breast_cancer,MNAR_log,952224740,PMM,MAE,0.38877017090865046
1314,breast_cancer,MNAR_log,952224740,OT_PMM,RMSE,0.6700456898766651
1315,breast_cancer,MNAR_log,952224740,OT_PMM,MAE,0.36954775183179456
1316,breast_cancer,MNAR_log,967196436,PMM,RMSE,0.5573623516388607
1317,breast_cancer,MNAR_log,967196436,PMM,MAE,0.35221392192234496
1318,breast_cancer,MNAR_log,967196436,OT_PMM,RMSE,0.5531109927115819
1319,breast_cancer,MNAR_log,967196436,OT_PMM,MAE,0.3424731028110022
1320,breast_cancer,MNAR_quant,1074497555,PMM,RMSE,0.580544835671637
1321,breast_cancer,MNAR_quant,1074497555,PMM,MAE,0.3190538179493717
1322,breast_cancer,MNAR_quant,1074497555,OT_PMM,RMSE,0.5245046325998898
1323,breast_cancer,MNAR_quant,1074497555,OT_PMM,MAE,0.2909885752731588
1324,breast_cancer,MNAR_quant,1102145672,PMM,RMSE,0.5585640406705604
1325,breast_cancer,MNAR_quant,1102145672,PMM,MAE,0.2822776532877541
1326,breast_cancer,MNAR_quant,1102145672,OT_PMM,RMSE,0.5449651215335286
1327,breast_cancer,MNAR_quant,1102145672,OT_PMM,MAE,0.2664563881683118
1328,breast_cancer,MNAR_quant,1130604997,PMM,RMSE,0.4035042776132993
1329,breast_cancer,MNAR_quant,1130604997,PMM,MAE,0.23701816786179536
1330,breast_cancer,MNAR_quant,1130604997,OT_PMM,RMSE,0.35563808533257646
1331,breast_cancer,MNAR_quant,1130604997,OT_PMM,MAE,0.21067270706071625
1332,breast_cancer,MNAR_quant,1171300112,PMM,RMSE,0.6033891666053025
1333,breast_cancer,MNAR_quant,1171300112,PMM,MAE,0.33286843250842857
1334,breast_cancer,MNAR_quant,1171300112,OT_PMM,RMSE,0.5659123366503224
1335,breast_cancer,MNAR_quant,1171300112,OT_PMM,MAE,0.30963206016015904
1336,breast_cancer,MNAR_quant,1382689815,PMM,RMSE,0.5839305771514415
1337,breast_cancer,MNAR_quant,1382689815,PMM,MAE,0.35637319050996397
1338,breast_cancer,MNAR_quant,1382689815,OT_PMM,RMSE,0.5508264941659591
1339,breast_cancer,MNAR_quant,1382689815,OT_PMM,MAE,0.3488931774681146
1340,breast_cancer,MNAR_quant,1405681631,PMM,RMSE,0.7122580489437282
1341,breast_cancer,MNAR_quant,1405681631,PMM,MAE,0.4136364897590382
1342,breast_cancer,MNAR_quant,1405681631,OT_PMM,RMSE,0.6602697683179823
1343,breast_cancer,MNAR_quant,1405681631,OT_PMM,MAE,0.38640100065890237
1344,breast_cancer,MNAR_quant,1497586438,PMM,RMSE,0.6644538368048996
1345,breast_cancer,MNAR_quant,1497586438,PMM,MAE,0.3430489884863497
1346,breast_cancer,MNAR_quant,1497586438,OT_PMM,RMSE,0.5938232004157084
1347,breast_cancer,MNAR_quant,1497586438,OT_PMM,MAE,0.3227648226306692
1348,breast_cancer,MNAR_quant,1540770719,PMM,RMSE,0.49669293263323916
1349,breast_cancer,MNAR_quant,1540770719,PMM,MAE,0.24628206458839166
1350,breast_cancer,MNAR_quant,1540770719,OT_PMM,RMSE,0.40604849782632285
1351,breast_cancer,MNAR_quant,1540770719,OT_PMM,MAE,0.22074506422892412
1352,breast_cancer,MNAR_quant,1580016183,PMM,RMSE,0.4698765352124063
1353,breast_cancer,MNAR_quant,1580016183,PMM,MAE,0.2932020743949302
1354,breast_cancer,MNAR_quant,1580016183,OT_PMM,RMSE,0.43312618095401995
1355,breast_cancer,MNAR_quant,1580016183,OT_PMM,MAE,0.27420441141532576
1356,breast_cancer,MNAR_quant,1634535062,PMM,RMSE,0.6586448691004788
1357,breast_cancer,MNAR_quant,1634535062,PMM,MAE,0.39322158305216887
1358,breast_cancer,MNAR_quant,1634535062,OT_PMM,RMSE,0.6548902499542516
1359,breast_cancer,MNAR_quant,1634535062,OT_PMM,MAE,0.3716788404319491
1360,breast_cancer,MNAR_quant,1662057957,PMM,RMSE,0.6482446731131992
1361,breast_cancer,MNAR_quant,1662057957,PMM,MAE,0.3919279968130318
1362,breast_cancer,MNAR_quant,1662057957,OT_PMM,RMSE,0.6003860414898133
1363,breast_cancer,MNAR_quant,1662057957,OT_PMM,MAE,0.36029249942996316
1364,breast_cancer,MNAR_quant,1678403330,PMM,RMSE,0.4564561158968249
1365,breast_cancer,MNAR_quant,1678403330,PMM,MAE,0.2372632795676791
1366,breast_cancer,MNAR_quant,1678403330,OT_PMM,RMSE,0.3895567388337237
1367,breast_cancer,MNAR_quant,1678403330,OT_PMM,MAE,0.20969181902678463
1368,breast_cancer,MNAR_quant,1688060240,PMM,RMSE,0.5017789997534492
1369,breast_cancer,MNAR_quant,1688060240,PMM,MAE,0.2875364230570659
1370,breast_cancer,MNAR_quant,1688060240,OT_PMM,RMSE,0.45633548801360624
1371,breast_cancer,MNAR_quant,1688060240,OT_PMM,MAE,0.2630637593589545
1372,breast_cancer,MNAR_quant,1766867109,PMM,RMSE,0.737681128024322
1373,breast_cancer,MNAR_quant,1766867109,PMM,MAE,0.4763528664252039
1374,breast_cancer,MNAR_quant,1766867109,OT_PMM,RMSE,0.734606118793209
1375,breast_cancer,MNAR_quant,1766867109,OT_PMM,MAE,0.4710062581264828
1376,breast_cancer,MNAR_quant,1803345590,PMM,RMSE,0.5678723531164265
1377,breast_cancer,MNAR_quant,1803345590,PMM,MAE,0.32561092854977464
1378,breast_cancer,MNAR_quant,1803345590,OT_PMM,RMSE,0.5509030565912236
1379,breast_cancer,MNAR_quant,1803345590,OT_PMM,MAE,0.30676964228448395
1380,breast_cancer,MNAR_quant,1843824992,PMM,RMSE,0.6286316726405662
1381,breast_cancer,MNAR_quant,1843824992,PMM,MAE,0.3528150467730054
1382,breast_cancer,MNAR_quant,1843824992,OT_PMM,RMSE,0.5651431485108943
1383,breast_cancer,MNAR_quant,1843824992,OT_PMM,MAE,0.32270744698096365
1384,breast_cancer,MNAR_quant,184566854,PMM,RMSE,0.5371885307442539
1385,breast_cancer,MNAR_quant,184566854,PMM,MAE,0.26979240209249
1386,breast_cancer,MNAR_quant,184566854,OT_PMM,RMSE,0.5226755314355706
1387,breast_cancer,MNAR_quant,184566854,OT_PMM,MAE,0.25320414709504574
1388,breast_cancer,MNAR_quant,191664963,PMM,RMSE,0.5062926730249655
1389,breast_cancer,MNAR_quant,191664963,PMM,MAE,0.2993738752439686
1390,breast_cancer,MNAR_quant,191664963,OT_PMM,RMSE,0.4432317196317011
1391,breast_cancer,MNAR_quant,191664963,OT_PMM,MAE,0.2594725438447234
1392,breast_cancer,MNAR_quant,1990212658,PMM,RMSE,0.6064746500174473
1393,breast_cancer,MNAR_quant,1990212658,PMM,MAE,0.34948835030753306
1394,breast_cancer,MNAR_quant,1990212658,OT_PMM,RMSE,0.5405061563812591
1395,breast_cancer,MNAR_quant,1990212658,OT_PMM,MAE,0.31707883448187896
1396,breast_cancer,MNAR_quant,202244314,PMM,RMSE,0.6658319496285392
1397,breast_cancer,MNAR_quant,202244314,PMM,MAE,0.38269899818844855
1398,breast_cancer,MNAR_quant,202244314,OT_PMM,RMSE,0.5705149277044754
1399,breast_cancer,MNAR_quant,202244314,OT_PMM,MAE,0.34135859622587705
1400,breast_cancer,MNAR_quant,2095133045,PMM,RMSE,0.5340973502217067
1401,breast_cancer,MNAR_quant,2095133045,PMM,MAE,0.34290660537175965
1402,breast_cancer,MNAR_quant,2095133045,OT_PMM,RMSE,0.47214137854114935
1403,breast_cancer,MNAR_quant,2095133045,OT_PMM,MAE,0.3181255807914641
1404,breast_cancer,MNAR_quant,275121930,PMM,RMSE,0.4405318144244199
1405,breast_cancer,MNAR_quant,275121930,PMM,MAE,0.23879327868212386
1406,breast_cancer,MNAR_quant,275121930,OT_PMM,RMSE,0.42104640586712483
1407,breast_cancer,MNAR_quant,275121930,OT_PMM,MAE,0.21155139179330526
1408,breast_cancer,MNAR_quant,392022359,PMM,RMSE,0.7159745003805279
1409,breast_cancer,MNAR_quant,392022359,PMM,MAE,0.4404850336492637
1410,breast_cancer,MNAR_quant,392022359,OT_PMM,RMSE,0.6404216308739644
1411,breast_cancer,MNAR_quant,392022359,OT_PMM,MAE,0.3705871460751944
1412,breast_cancer,MNAR_quant,432652533,PMM,RMSE,0.5371155443876529
1413,breast_cancer,MNAR_quant,432652533,PMM,MAE,0.2893846987073768
1414,breast_cancer,MNAR_quant,432652533,OT_PMM,RMSE,0.5093275603594974
1415,breast_cancer,MNAR_quant,432652533,OT_PMM,MAE,0.2726869355620855
1416,breast_cancer,MNAR_quant,796282693,PMM,RMSE,0.5779137195835231
1417,breast_cancer,MNAR_quant,796282693,PMM,MAE,0.3485576804567367
1418,breast_cancer,MNAR_quant,796282693,OT_PMM,RMSE,0.5873314884767636
1419,breast_cancer,MNAR_quant,796282693,OT_PMM,MAE,0.34431657715576575
1420,breast_cancer,MNAR_quant,864178266,PMM,RMSE,0.49775779928248215
1421,breast_cancer,MNAR_quant,864178266,PMM,MAE,0.3089555897047823
1422,breast_cancer,MNAR_quant,864178266,OT_PMM,RMSE,0.4522968269764329
1423,breast_cancer,MNAR_quant,864178266,OT_PMM,MAE,0.28014498857949977
1424,breast_cancer,MNAR_quant,929893137,PMM,RMSE,0.5782820610187471
1425,breast_cancer,MNAR_quant,929893137,PMM,MAE,0.3309810830302199
1426,breast_cancer,MNAR_quant,929893137,OT_PMM,RMSE,0.5840309482074474
1427,breast_cancer,MNAR_quant,929893137,OT_PMM,MAE,0.3236435955321611
1428,breast_cancer,MNAR_quant,942484272,PMM,RMSE,0.6829633650411493
1429,breast_cancer,MNAR_quant,942484272,PMM,MAE,0.36241426986176384
1430,breast_cancer,MNAR_quant,942484272,OT_PMM,RMSE,0.6192555010826004
1431,breast_cancer,MNAR_quant,942484272,OT_PMM,MAE,0.3375264994467755
1432,breast_cancer,MNAR_quant,952224740,PMM,RMSE,0.5422057764565278
1433,breast_cancer,MNAR_quant,952224740,PMM,MAE,0.24680739253305053
1434,breast_cancer,MNAR_quant,952224740,OT_PMM,RMSE,0.5286352380518288
1435,breast_cancer,MNAR_quant,952224740,OT_PMM,MAE,0.23433098080527398
1436,breast_cancer,MNAR_quant,967196436,PMM,RMSE,0.6029981346391422
1437,breast_cancer,MNAR_quant,967196436,PMM,MAE,0.3400099121876927
1438,breast_cancer,MNAR_quant,967196436,OT_PMM,RMSE,0.5684421744990943
1439,breast_cancer,MNAR_quant,967196436,OT_PMM,MAE,0.3225264541357315
